,atlas,classifier,compcor_10,connectome_regress,covariance_estimator,dataset,dimensionality,iter_shuffle_split,measure,min_region_size_in_mm3,motion_regress,n_regions,region_extraction,scores,scoring,smoothing_fwhm
0,dictlearn,svc_l1,yes,no,LedoitWolf,ABIDE,40,0,correlation,,no,no,no,[ 0.55650393],roc_auc,6.0
1,dictlearn,svc_l2,yes,no,LedoitWolf,ABIDE,40,0,correlation,,no,no,no,[ 0.55189484],roc_auc,6.0
2,dictlearn,ridge,yes,no,LedoitWolf,ABIDE,40,0,correlation,,no,no,no,[ 0.55701605],roc_auc,6.0
3,dictlearn,svc_l1,yes,no,LedoitWolf,ABIDE,40,0,partial correlation,,no,no,no,[ 0.61206897],roc_auc,6.0
4,dictlearn,svc_l2,yes,no,LedoitWolf,ABIDE,40,0,partial correlation,,no,no,no,[ 0.56153977],roc_auc,6.0
5,dictlearn,ridge,yes,no,LedoitWolf,ABIDE,40,0,partial correlation,,no,no,no,[ 0.55317515],roc_auc,6.0
6,dictlearn,svc_l1,yes,no,LedoitWolf,ABIDE,40,0,tangent,,no,no,no,[ 0.60003414],roc_auc,6.0
7,dictlearn,svc_l2,yes,no,LedoitWolf,ABIDE,40,0,tangent,,no,no,no,[ 0.60387504],roc_auc,6.0
8,dictlearn,ridge,yes,no,LedoitWolf,ABIDE,40,0,tangent,,no,no,no,[ 0.5774155],roc_auc,6.0
9,dictlearn,svc_l1,yes,no,LedoitWolf,ABIDE,40,1,correlation,,no,no,no,[ 0.58654831],roc_auc,6.0
10,dictlearn,svc_l2,yes,no,LedoitWolf,ABIDE,40,1,correlation,,no,no,no,[ 0.57929327],roc_auc,6.0
11,dictlearn,ridge,yes,no,LedoitWolf,ABIDE,40,1,correlation,,no,no,no,[ 0.56691704],roc_auc,6.0
12,dictlearn,svc_l1,yes,no,LedoitWolf,ABIDE,40,1,partial correlation,,no,no,no,[ 0.52449642],roc_auc,6.0
13,dictlearn,svc_l2,yes,no,LedoitWolf,ABIDE,40,1,partial correlation,,no,no,no,[ 0.53525094],roc_auc,6.0
14,dictlearn,ridge,yes,no,LedoitWolf,ABIDE,40,1,partial correlation,,no,no,no,[ 0.52961762],roc_auc,6.0
15,dictlearn,svc_l1,yes,no,LedoitWolf,ABIDE,40,1,tangent,,no,no,no,[ 0.5267156],roc_auc,6.0
16,dictlearn,svc_l2,yes,no,LedoitWolf,ABIDE,40,1,tangent,,no,no,no,[ 0.53926255],roc_auc,6.0
17,dictlearn,ridge,yes,no,LedoitWolf,ABIDE,40,1,tangent,,no,no,no,[ 0.53525094],roc_auc,6.0
18,dictlearn,svc_l1,yes,no,LedoitWolf,ABIDE,40,2,correlation,,no,no,no,[ 0.59559577],roc_auc,6.0
19,dictlearn,svc_l2,yes,no,LedoitWolf,ABIDE,40,2,correlation,,no,no,no,[ 0.64279618],roc_auc,6.0
20,dictlearn,ridge,yes,no,LedoitWolf,ABIDE,40,2,correlation,,no,no,no,[ 0.6103619],roc_auc,6.0
21,dictlearn,svc_l1,yes,no,LedoitWolf,ABIDE,40,2,partial correlation,,no,no,no,[ 0.60959372],roc_auc,6.0
22,dictlearn,svc_l2,yes,no,LedoitWolf,ABIDE,40,2,partial correlation,,no,no,no,[ 0.60319222],roc_auc,6.0
23,dictlearn,ridge,yes,no,LedoitWolf,ABIDE,40,2,partial correlation,,no,no,no,[ 0.59730283],roc_auc,6.0
24,dictlearn,svc_l1,yes,no,LedoitWolf,ABIDE,40,2,tangent,,no,no,no,[ 0.61223967],roc_auc,6.0
25,dictlearn,svc_l2,yes,no,LedoitWolf,ABIDE,40,2,tangent,,no,no,no,[ 0.61847047],roc_auc,6.0
26,dictlearn,ridge,yes,no,LedoitWolf,ABIDE,40,2,tangent,,no,no,no,[ 0.56401502],roc_auc,6.0
27,dictlearn,svc_l1,yes,no,LedoitWolf,ABIDE,40,3,correlation,,no,no,no,[ 0.61625128],roc_auc,6.0
28,dictlearn,svc_l2,yes,no,LedoitWolf,ABIDE,40,3,correlation,,no,no,no,[ 0.60882554],roc_auc,6.0
29,dictlearn,ridge,yes,no,LedoitWolf,ABIDE,40,3,correlation,,no,no,no,[ 0.56674633],roc_auc,6.0
30,dictlearn,svc_l1,yes,no,LedoitWolf,ABIDE,40,3,partial correlation,,no,no,no,[ 0.5442984],roc_auc,6.0
31,dictlearn,svc_l2,yes,no,LedoitWolf,ABIDE,40,3,partial correlation,,no,no,no,[ 0.54481052],roc_auc,6.0
32,dictlearn,ridge,yes,no,LedoitWolf,ABIDE,40,3,partial correlation,,no,no,no,[ 0.53482417],roc_auc,6.0
33,dictlearn,svc_l1,yes,no,LedoitWolf,ABIDE,40,3,tangent,,no,no,no,[ 0.57929327],roc_auc,6.0
34,dictlearn,svc_l2,yes,no,LedoitWolf,ABIDE,40,3,tangent,,no,no,no,[ 0.59585183],roc_auc,6.0
35,dictlearn,ridge,yes,no,LedoitWolf,ABIDE,40,3,tangent,,no,no,no,[ 0.5660635],roc_auc,6.0
36,dictlearn,svc_l1,yes,no,LedoitWolf,ABIDE,40,4,correlation,,no,no,no,[ 0.61189826],roc_auc,6.0
37,dictlearn,svc_l2,yes,no,LedoitWolf,ABIDE,40,4,correlation,,no,no,no,[ 0.6231649],roc_auc,6.0
38,dictlearn,ridge,yes,no,LedoitWolf,ABIDE,40,4,correlation,,no,no,no,[ 0.59081598],roc_auc,6.0
39,dictlearn,svc_l1,yes,no,LedoitWolf,ABIDE,40,4,partial correlation,,no,no,no,[ 0.54532264],roc_auc,6.0
40,dictlearn,svc_l2,yes,no,LedoitWolf,ABIDE,40,4,partial correlation,,no,no,no,[ 0.6066917],roc_auc,6.0
41,dictlearn,ridge,yes,no,LedoitWolf,ABIDE,40,4,partial correlation,,no,no,no,[ 0.57681803],roc_auc,6.0
42,dictlearn,svc_l1,yes,no,LedoitWolf,ABIDE,40,4,tangent,,no,no,no,[ 0.64134517],roc_auc,6.0
43,dictlearn,svc_l2,yes,no,LedoitWolf,ABIDE,40,4,tangent,,no,no,no,[ 0.6244452],roc_auc,6.0
44,dictlearn,ridge,yes,no,LedoitWolf,ABIDE,40,4,tangent,,no,no,no,[ 0.58825538],roc_auc,6.0
45,dictlearn,svc_l1,yes,no,LedoitWolf,ABIDE,40,5,correlation,,no,no,no,[ 0.62282349],roc_auc,6.0
46,dictlearn,svc_l2,yes,no,LedoitWolf,ABIDE,40,5,correlation,,no,no,no,[ 0.63135883],roc_auc,6.0
47,dictlearn,ridge,yes,no,LedoitWolf,ABIDE,40,5,correlation,,no,no,no,[ 0.61241038],roc_auc,6.0
48,dictlearn,svc_l1,yes,no,LedoitWolf,ABIDE,40,5,partial correlation,,no,no,no,[ 0.5874872],roc_auc,6.0
49,dictlearn,svc_l2,yes,no,LedoitWolf,ABIDE,40,5,partial correlation,,no,no,no,[ 0.59986343],roc_auc,6.0
50,dictlearn,ridge,yes,no,LedoitWolf,ABIDE,40,5,partial correlation,,no,no,no,[ 0.58176852],roc_auc,6.0
51,dictlearn,svc_l1,yes,no,LedoitWolf,ABIDE,40,5,tangent,,no,no,no,[ 0.56981905],roc_auc,6.0
52,dictlearn,svc_l2,yes,no,LedoitWolf,ABIDE,40,5,tangent,,no,no,no,[ 0.59252305],roc_auc,6.0
53,dictlearn,ridge,yes,no,LedoitWolf,ABIDE,40,5,tangent,,no,no,no,[ 0.5622226],roc_auc,6.0
54,dictlearn,svc_l1,yes,no,LedoitWolf,ABIDE,40,6,correlation,,no,no,no,[ 0.63869921],roc_auc,6.0
55,dictlearn,svc_l2,yes,no,LedoitWolf,ABIDE,40,6,correlation,,no,no,no,[ 0.63537043],roc_auc,6.0
56,dictlearn,ridge,yes,no,LedoitWolf,ABIDE,40,6,correlation,,no,no,no,[ 0.62965176],roc_auc,6.0
57,dictlearn,svc_l1,yes,no,LedoitWolf,ABIDE,40,6,partial correlation,,no,no,no,[ 0.60728918],roc_auc,6.0
58,dictlearn,svc_l2,yes,no,LedoitWolf,ABIDE,40,6,partial correlation,,no,no,no,[ 0.61812905],roc_auc,6.0
59,dictlearn,ridge,yes,no,LedoitWolf,ABIDE,40,6,partial correlation,,no,no,no,[ 0.6103619],roc_auc,6.0
60,dictlearn,svc_l1,yes,no,LedoitWolf,ABIDE,40,6,tangent,,no,no,no,[ 0.62922499],roc_auc,6.0
61,dictlearn,svc_l2,yes,no,LedoitWolf,ABIDE,40,6,tangent,,no,no,no,[ 0.62290884],roc_auc,6.0
62,dictlearn,ridge,yes,no,LedoitWolf,ABIDE,40,6,tangent,,no,no,no,[ 0.61812905],roc_auc,6.0
63,dictlearn,svc_l1,yes,no,LedoitWolf,ABIDE,40,7,correlation,,no,no,no,[ 0.61898259],roc_auc,6.0
64,dictlearn,svc_l2,yes,no,LedoitWolf,ABIDE,40,7,correlation,,no,no,no,[ 0.64117446],roc_auc,6.0
65,dictlearn,ridge,yes,no,LedoitWolf,ABIDE,40,7,correlation,,no,no,no,[ 0.61343462],roc_auc,6.0
66,dictlearn,svc_l1,yes,no,LedoitWolf,ABIDE,40,7,partial correlation,,no,no,no,[ 0.62820075],roc_auc,6.0
67,dictlearn,svc_l2,yes,no,LedoitWolf,ABIDE,40,7,partial correlation,,no,no,no,[ 0.64015022],roc_auc,6.0
68,dictlearn,ridge,yes,no,LedoitWolf,ABIDE,40,7,partial correlation,,no,no,no,[ 0.63332195],roc_auc,6.0
69,dictlearn,svc_l1,yes,no,LedoitWolf,ABIDE,40,7,tangent,,no,no,no,[ 0.61744623],roc_auc,6.0
70,dictlearn,svc_l2,yes,no,LedoitWolf,ABIDE,40,7,tangent,,no,no,no,[ 0.64288153],roc_auc,6.0
71,dictlearn,ridge,yes,no,LedoitWolf,ABIDE,40,7,tangent,,no,no,no,[ 0.60686241],roc_auc,6.0
72,dictlearn,svc_l1,yes,no,LedoitWolf,ABIDE,40,8,correlation,,no,no,no,[ 0.64638102],roc_auc,6.0
73,dictlearn,svc_l2,yes,no,LedoitWolf,ABIDE,40,8,correlation,,no,no,no,[ 0.64194264],roc_auc,6.0
74,dictlearn,ridge,yes,no,LedoitWolf,ABIDE,40,8,correlation,,no,no,no,[ 0.59542506],roc_auc,6.0
75,dictlearn,svc_l1,yes,no,LedoitWolf,ABIDE,40,8,partial correlation,,no,no,no,[ 0.57391601],roc_auc,6.0
76,dictlearn,svc_l2,yes,no,LedoitWolf,ABIDE,40,8,partial correlation,,no,no,no,[ 0.6028508],roc_auc,6.0
77,dictlearn,ridge,yes,no,LedoitWolf,ABIDE,40,8,partial correlation,,no,no,no,[ 0.57553773],roc_auc,6.0
78,dictlearn,svc_l1,yes,no,LedoitWolf,ABIDE,40,8,tangent,,no,no,no,[ 0.57383066],roc_auc,6.0
79,dictlearn,svc_l2,yes,no,LedoitWolf,ABIDE,40,8,tangent,,no,no,no,[ 0.60378969],roc_auc,6.0
80,dictlearn,ridge,yes,no,LedoitWolf,ABIDE,40,8,tangent,,no,no,no,[ 0.55232161],roc_auc,6.0
81,dictlearn,svc_l1,yes,no,LedoitWolf,ABIDE,40,9,correlation,,no,no,no,[ 0.66840219],roc_auc,6.0
82,dictlearn,svc_l2,yes,no,LedoitWolf,ABIDE,40,9,correlation,,no,no,no,[ 0.68837487],roc_auc,6.0
83,dictlearn,ridge,yes,no,LedoitWolf,ABIDE,40,9,correlation,,no,no,no,[ 0.66439058],roc_auc,6.0
84,dictlearn,svc_l1,yes,no,LedoitWolf,ABIDE,40,9,partial correlation,,no,no,no,[ 0.63289519],roc_auc,6.0
85,dictlearn,svc_l2,yes,no,LedoitWolf,ABIDE,40,9,partial correlation,,no,no,no,[ 0.62401844],roc_auc,6.0
86,dictlearn,ridge,yes,no,LedoitWolf,ABIDE,40,9,partial correlation,,no,no,no,[ 0.62273814],roc_auc,6.0
87,dictlearn,svc_l1,yes,no,LedoitWolf,ABIDE,40,9,tangent,,no,no,no,[ 0.64808808],roc_auc,6.0
88,dictlearn,svc_l2,yes,no,LedoitWolf,ABIDE,40,9,tangent,,no,no,no,[ 0.66643906],roc_auc,6.0
89,dictlearn,ridge,yes,no,LedoitWolf,ABIDE,40,9,tangent,,no,no,no,[ 0.64288153],roc_auc,6.0
90,dictlearn,svc_l1,yes,no,LedoitWolf,ABIDE,40,10,correlation,,no,no,no,[ 0.60088767],roc_auc,6.0
91,dictlearn,svc_l2,yes,no,LedoitWolf,ABIDE,40,10,correlation,,no,no,no,[ 0.59866849],roc_auc,6.0
92,dictlearn,ridge,yes,no,LedoitWolf,ABIDE,40,10,correlation,,no,no,no,[ 0.58100034],roc_auc,6.0
93,dictlearn,svc_l1,yes,no,LedoitWolf,ABIDE,40,10,partial correlation,,no,no,no,[ 0.61659269],roc_auc,6.0
94,dictlearn,svc_l2,yes,no,LedoitWolf,ABIDE,40,10,partial correlation,,no,no,no,[ 0.62768863],roc_auc,6.0
95,dictlearn,ridge,yes,no,LedoitWolf,ABIDE,40,10,partial correlation,,no,no,no,[ 0.6002902],roc_auc,6.0
96,dictlearn,svc_l1,yes,no,LedoitWolf,ABIDE,40,10,tangent,,no,no,no,[ 0.58578013],roc_auc,6.0
97,dictlearn,svc_l2,yes,no,LedoitWolf,ABIDE,40,10,tangent,,no,no,no,[ 0.59994879],roc_auc,6.0
98,dictlearn,ridge,yes,no,LedoitWolf,ABIDE,40,10,tangent,,no,no,no,[ 0.5863776],roc_auc,6.0
99,dictlearn,svc_l1,yes,no,LedoitWolf,ABIDE,40,11,correlation,,no,no,no,[ 0.59807101],roc_auc,6.0
100,dictlearn,svc_l2,yes,no,LedoitWolf,ABIDE,40,11,correlation,,no,no,no,[ 0.60131444],roc_auc,6.0
101,dictlearn,ridge,yes,no,LedoitWolf,ABIDE,40,11,correlation,,no,no,no,[ 0.56034483],roc_auc,6.0
102,dictlearn,svc_l1,yes,no,LedoitWolf,ABIDE,40,11,partial correlation,,no,no,no,[ 0.57050188],roc_auc,6.0
103,dictlearn,svc_l2,yes,no,LedoitWolf,ABIDE,40,11,partial correlation,,no,no,no,[ 0.58996244],roc_auc,6.0
104,dictlearn,ridge,yes,no,LedoitWolf,ABIDE,40,11,partial correlation,,no,no,no,[ 0.56256402],roc_auc,6.0
105,dictlearn,svc_l1,yes,no,LedoitWolf,ABIDE,40,11,tangent,,no,no,no,[ 0.58740184],roc_auc,6.0
106,dictlearn,svc_l2,yes,no,LedoitWolf,ABIDE,40,11,tangent,,no,no,no,[ 0.5812564],roc_auc,6.0
107,dictlearn,ridge,yes,no,LedoitWolf,ABIDE,40,11,tangent,,no,no,no,[ 0.55804029],roc_auc,6.0
108,dictlearn,svc_l1,yes,no,LedoitWolf,ABIDE,40,12,correlation,,no,no,no,[ 0.66413452],roc_auc,6.0
109,dictlearn,svc_l2,yes,no,LedoitWolf,ABIDE,40,12,correlation,,no,no,no,[ 0.66891431],roc_auc,6.0
110,dictlearn,ridge,yes,no,LedoitWolf,ABIDE,40,12,correlation,,no,no,no,[ 0.62734722],roc_auc,6.0
111,dictlearn,svc_l1,yes,no,LedoitWolf,ABIDE,40,12,partial correlation,,no,no,no,[ 0.55829635],roc_auc,6.0
112,dictlearn,svc_l2,yes,no,LedoitWolf,ABIDE,40,12,partial correlation,,no,no,no,[ 0.56520997],roc_auc,6.0
113,dictlearn,ridge,yes,no,LedoitWolf,ABIDE,40,12,partial correlation,,no,no,no,[ 0.55394333],roc_auc,6.0
114,dictlearn,svc_l1,yes,no,LedoitWolf,ABIDE,40,12,tangent,,no,no,no,[ 0.62504268],roc_auc,6.0
115,dictlearn,svc_l2,yes,no,LedoitWolf,ABIDE,40,12,tangent,,no,no,no,[ 0.62453056],roc_auc,6.0
116,dictlearn,ridge,yes,no,LedoitWolf,ABIDE,40,12,tangent,,no,no,no,[ 0.58603619],roc_auc,6.0
117,dictlearn,svc_l1,yes,no,LedoitWolf,ABIDE,40,13,correlation,,no,no,no,[ 0.60686241],roc_auc,6.0
118,dictlearn,svc_l2,yes,no,LedoitWolf,ABIDE,40,13,correlation,,no,no,no,[ 0.61249573],roc_auc,6.0
119,dictlearn,ridge,yes,no,LedoitWolf,ABIDE,40,13,correlation,,no,no,no,[ 0.59977808],roc_auc,6.0
120,dictlearn,svc_l1,yes,no,LedoitWolf,ABIDE,40,13,partial correlation,,no,no,no,[ 0.55983271],roc_auc,6.0
121,dictlearn,svc_l2,yes,no,LedoitWolf,ABIDE,40,13,partial correlation,,no,no,no,[ 0.55240696],roc_auc,6.0
122,dictlearn,ridge,yes,no,LedoitWolf,ABIDE,40,13,partial correlation,,no,no,no,[ 0.54540799],roc_auc,6.0
123,dictlearn,svc_l1,yes,no,LedoitWolf,ABIDE,40,13,tangent,,no,no,no,[ 0.58321953],roc_auc,6.0
124,dictlearn,svc_l2,yes,no,LedoitWolf,ABIDE,40,13,tangent,,no,no,no,[ 0.58808467],roc_auc,6.0
125,dictlearn,ridge,yes,no,LedoitWolf,ABIDE,40,13,tangent,,no,no,no,[ 0.57963469],roc_auc,6.0
126,dictlearn,svc_l1,yes,no,LedoitWolf,ABIDE,40,14,correlation,,no,no,no,[ 0.59073062],roc_auc,6.0
127,dictlearn,svc_l2,yes,no,LedoitWolf,ABIDE,40,14,correlation,,no,no,no,[ 0.6103619],roc_auc,6.0
128,dictlearn,ridge,yes,no,LedoitWolf,ABIDE,40,14,correlation,,no,no,no,[ 0.58996244],roc_auc,6.0
129,dictlearn,svc_l1,yes,no,LedoitWolf,ABIDE,40,14,partial correlation,,no,no,no,[ 0.5902185],roc_auc,6.0
130,dictlearn,svc_l2,yes,no,LedoitWolf,ABIDE,40,14,partial correlation,,no,no,no,[ 0.56435644],roc_auc,6.0
131,dictlearn,ridge,yes,no,LedoitWolf,ABIDE,40,14,partial correlation,,no,no,no,[ 0.53542165],roc_auc,6.0
132,dictlearn,svc_l1,yes,no,LedoitWolf,ABIDE,40,14,tangent,,no,no,no,[ 0.58458518],roc_auc,6.0
133,dictlearn,svc_l2,yes,no,LedoitWolf,ABIDE,40,14,tangent,,no,no,no,[ 0.57127006],roc_auc,6.0
134,dictlearn,ridge,yes,no,LedoitWolf,ABIDE,40,14,tangent,,no,no,no,[ 0.5267156],roc_auc,6.0
135,dictlearn,svc_l1,yes,no,LedoitWolf,ABIDE,40,15,correlation,,no,no,no,[ 0.62896893],roc_auc,6.0
136,dictlearn,svc_l2,yes,no,LedoitWolf,ABIDE,40,15,correlation,,no,no,no,[ 0.6486002],roc_auc,6.0
137,dictlearn,ridge,yes,no,LedoitWolf,ABIDE,40,15,correlation,,no,no,no,[ 0.61497098],roc_auc,6.0
138,dictlearn,svc_l1,yes,no,LedoitWolf,ABIDE,40,15,partial correlation,,no,no,no,[ 0.56034483],roc_auc,6.0
139,dictlearn,svc_l2,yes,no,LedoitWolf,ABIDE,40,15,partial correlation,,no,no,no,[ 0.61232503],roc_auc,6.0
140,dictlearn,ridge,yes,no,LedoitWolf,ABIDE,40,15,partial correlation,,no,no,no,[ 0.6013998],roc_auc,6.0
141,dictlearn,svc_l1,yes,no,LedoitWolf,ABIDE,40,15,tangent,,no,no,no,[ 0.57912257],roc_auc,6.0
142,dictlearn,svc_l2,yes,no,LedoitWolf,ABIDE,40,15,tangent,,no,no,no,[ 0.59107204],roc_auc,6.0
143,dictlearn,ridge,yes,no,LedoitWolf,ABIDE,40,15,tangent,,no,no,no,[ 0.57084329],roc_auc,6.0
144,dictlearn,svc_l1,yes,no,LedoitWolf,ABIDE,40,16,correlation,,no,no,no,[ 0.61283715],roc_auc,6.0
145,dictlearn,svc_l2,yes,no,LedoitWolf,ABIDE,40,16,correlation,,no,no,no,[ 0.62034824],roc_auc,6.0
146,dictlearn,ridge,yes,no,LedoitWolf,ABIDE,40,16,correlation,,no,no,no,[ 0.57109935],roc_auc,6.0
147,dictlearn,svc_l1,yes,no,LedoitWolf,ABIDE,40,16,partial correlation,,no,no,no,[ 0.57724479],roc_auc,6.0
148,dictlearn,svc_l2,yes,no,LedoitWolf,ABIDE,40,16,partial correlation,,no,no,no,[ 0.53217822],roc_auc,6.0
149,dictlearn,ridge,yes,no,LedoitWolf,ABIDE,40,16,partial correlation,,no,no,no,[ 0.53584841],roc_auc,6.0
150,dictlearn,svc_l1,yes,no,LedoitWolf,ABIDE,40,16,tangent,,no,no,no,[ 0.58390236],roc_auc,6.0
151,dictlearn,svc_l2,yes,no,LedoitWolf,ABIDE,40,16,tangent,,no,no,no,[ 0.59073062],roc_auc,6.0
152,dictlearn,ridge,yes,no,LedoitWolf,ABIDE,40,16,tangent,,no,no,no,[ 0.5494196],roc_auc,6.0
153,dictlearn,svc_l1,yes,no,LedoitWolf,ABIDE,40,17,correlation,,no,no,no,[ 0.67958348],roc_auc,6.0
154,dictlearn,svc_l2,yes,no,LedoitWolf,ABIDE,40,17,correlation,,no,no,no,[ 0.67215773],roc_auc,6.0
155,dictlearn,ridge,yes,no,LedoitWolf,ABIDE,40,17,correlation,,no,no,no,[ 0.65431888],roc_auc,6.0
156,dictlearn,svc_l1,yes,no,LedoitWolf,ABIDE,40,17,partial correlation,,no,no,no,[ 0.59841243],roc_auc,6.0
157,dictlearn,svc_l2,yes,no,LedoitWolf,ABIDE,40,17,partial correlation,,no,no,no,[ 0.58578013],roc_auc,6.0
158,dictlearn,ridge,yes,no,LedoitWolf,ABIDE,40,17,partial correlation,,no,no,no,[ 0.57408672],roc_auc,6.0
159,dictlearn,svc_l1,yes,no,LedoitWolf,ABIDE,40,17,tangent,,no,no,no,[ 0.66515876],roc_auc,6.0
160,dictlearn,svc_l2,yes,no,LedoitWolf,ABIDE,40,17,tangent,,no,no,no,[ 0.65389211],roc_auc,6.0
161,dictlearn,ridge,yes,no,LedoitWolf,ABIDE,40,17,tangent,,no,no,no,[ 0.63315125],roc_auc,6.0
162,dictlearn,svc_l1,yes,no,LedoitWolf,ABIDE,40,18,correlation,,no,no,no,[ 0.62196996],roc_auc,6.0
163,dictlearn,svc_l2,yes,no,LedoitWolf,ABIDE,40,18,correlation,,no,no,no,[ 0.61642199],roc_auc,6.0
164,dictlearn,ridge,yes,no,LedoitWolf,ABIDE,40,18,correlation,,no,no,no,[ 0.58842608],roc_auc,6.0
165,dictlearn,svc_l1,yes,no,LedoitWolf,ABIDE,40,18,partial correlation,,no,no,no,[ 0.51212018],roc_auc,6.0
166,dictlearn,svc_l2,yes,no,LedoitWolf,ABIDE,40,18,partial correlation,,no,no,no,[ 0.54387163],roc_auc,6.0
167,dictlearn,ridge,yes,no,LedoitWolf,ABIDE,40,18,partial correlation,,no,no,no,[ 0.53482417],roc_auc,6.0
168,dictlearn,svc_l1,yes,no,LedoitWolf,ABIDE,40,18,tangent,,no,no,no,[ 0.53414135],roc_auc,6.0
169,dictlearn,svc_l2,yes,no,LedoitWolf,ABIDE,40,18,tangent,,no,no,no,[ 0.55462615],roc_auc,6.0
170,dictlearn,ridge,yes,no,LedoitWolf,ABIDE,40,18,tangent,,no,no,no,[ 0.52603278],roc_auc,6.0
171,dictlearn,svc_l1,yes,no,LedoitWolf,ABIDE,40,19,correlation,,no,no,no,[ 0.59158416],roc_auc,6.0
172,dictlearn,svc_l2,yes,no,LedoitWolf,ABIDE,40,19,correlation,,no,no,no,[ 0.61727552],roc_auc,6.0
173,dictlearn,ridge,yes,no,LedoitWolf,ABIDE,40,19,correlation,,no,no,no,[ 0.56213725],roc_auc,6.0
174,dictlearn,svc_l1,yes,no,LedoitWolf,ABIDE,40,19,partial correlation,,no,no,no,[ 0.58654831],roc_auc,6.0
175,dictlearn,svc_l2,yes,no,LedoitWolf,ABIDE,40,19,partial correlation,,no,no,no,[ 0.59252305],roc_auc,6.0
176,dictlearn,ridge,yes,no,LedoitWolf,ABIDE,40,19,partial correlation,,no,no,no,[ 0.56623421],roc_auc,6.0
177,dictlearn,svc_l1,yes,no,LedoitWolf,ABIDE,40,19,tangent,,no,no,no,[ 0.56316149],roc_auc,6.0
178,dictlearn,svc_l2,yes,no,LedoitWolf,ABIDE,40,19,tangent,,no,no,no,[ 0.5825367],roc_auc,6.0
179,dictlearn,ridge,yes,no,LedoitWolf,ABIDE,40,19,tangent,,no,no,no,[ 0.5506999],roc_auc,6.0
180,dictlearn,svc_l1,yes,no,LedoitWolf,ABIDE,40,20,correlation,,no,no,no,[ 0.61480027],roc_auc,6.0
181,dictlearn,svc_l2,yes,no,LedoitWolf,ABIDE,40,20,correlation,,no,no,no,[ 0.64834414],roc_auc,6.0
182,dictlearn,ridge,yes,no,LedoitWolf,ABIDE,40,20,correlation,,no,no,no,[ 0.64023558],roc_auc,6.0
183,dictlearn,svc_l1,yes,no,LedoitWolf,ABIDE,40,20,partial correlation,,no,no,no,[ 0.5635029],roc_auc,6.0
184,dictlearn,svc_l2,yes,no,LedoitWolf,ABIDE,40,20,partial correlation,,no,no,no,[ 0.60105838],roc_auc,6.0
185,dictlearn,ridge,yes,no,LedoitWolf,ABIDE,40,20,partial correlation,,no,no,no,[ 0.60993513],roc_auc,6.0
186,dictlearn,svc_l1,yes,no,LedoitWolf,ABIDE,40,20,tangent,,no,no,no,[ 0.61514169],roc_auc,6.0
187,dictlearn,svc_l2,yes,no,LedoitWolf,ABIDE,40,20,tangent,,no,no,no,[ 0.64945374],roc_auc,6.0
188,dictlearn,ridge,yes,no,LedoitWolf,ABIDE,40,20,tangent,,no,no,no,[ 0.62999317],roc_auc,6.0
189,dictlearn,svc_l1,yes,no,LedoitWolf,ABIDE,40,21,correlation,,no,no,no,[ 0.59841243],roc_auc,6.0
190,dictlearn,svc_l2,yes,no,LedoitWolf,ABIDE,40,21,correlation,,no,no,no,[ 0.61334927],roc_auc,6.0
191,dictlearn,ridge,yes,no,LedoitWolf,ABIDE,40,21,correlation,,no,no,no,[ 0.57553773],roc_auc,6.0
192,dictlearn,svc_l1,yes,no,LedoitWolf,ABIDE,40,21,partial correlation,,no,no,no,[ 0.52867873],roc_auc,6.0
193,dictlearn,svc_l2,yes,no,LedoitWolf,ABIDE,40,21,partial correlation,,no,no,no,[ 0.52244793],roc_auc,6.0
194,dictlearn,ridge,yes,no,LedoitWolf,ABIDE,40,21,partial correlation,,no,no,no,[ 0.50802322],roc_auc,6.0
195,dictlearn,svc_l1,yes,no,LedoitWolf,ABIDE,40,21,tangent,,no,no,no,[ 0.56043018],roc_auc,6.0
196,dictlearn,svc_l2,yes,no,LedoitWolf,ABIDE,40,21,tangent,,no,no,no,[ 0.57442813],roc_auc,6.0
197,dictlearn,ridge,yes,no,LedoitWolf,ABIDE,40,21,tangent,,no,no,no,[ 0.54549334],roc_auc,6.0
198,dictlearn,svc_l1,yes,no,LedoitWolf,ABIDE,40,22,correlation,,no,no,no,[ 0.59423011],roc_auc,6.0
199,dictlearn,svc_l2,yes,no,LedoitWolf,ABIDE,40,22,correlation,,no,no,no,[ 0.61787299],roc_auc,6.0
200,dictlearn,ridge,yes,no,LedoitWolf,ABIDE,40,22,correlation,,no,no,no,[ 0.59892455],roc_auc,6.0
201,dictlearn,svc_l1,yes,no,LedoitWolf,ABIDE,40,22,partial correlation,,no,no,no,[ 0.64638102],roc_auc,6.0
202,dictlearn,svc_l2,yes,no,LedoitWolf,ABIDE,40,22,partial correlation,,no,no,no,[ 0.63255377],roc_auc,6.0
203,dictlearn,ridge,yes,no,LedoitWolf,ABIDE,40,22,partial correlation,,no,no,no,[ 0.6293957],roc_auc,6.0
204,dictlearn,svc_l1,yes,no,LedoitWolf,ABIDE,40,22,tangent,,no,no,no,[ 0.61121543],roc_auc,6.0
205,dictlearn,svc_l2,yes,no,LedoitWolf,ABIDE,40,22,tangent,,no,no,no,[ 0.62879822],roc_auc,6.0
206,dictlearn,ridge,yes,no,LedoitWolf,ABIDE,40,22,tangent,,no,no,no,[ 0.59807101],roc_auc,6.0
207,dictlearn,svc_l1,yes,no,LedoitWolf,ABIDE,40,23,correlation,,no,no,no,[ 0.63741891],roc_auc,6.0
208,dictlearn,svc_l2,yes,no,LedoitWolf,ABIDE,40,23,correlation,,no,no,no,[ 0.64510072],roc_auc,6.0
209,dictlearn,ridge,yes,no,LedoitWolf,ABIDE,40,23,correlation,,no,no,no,[ 0.58023216],roc_auc,6.0
210,dictlearn,svc_l1,yes,no,LedoitWolf,ABIDE,40,23,partial correlation,,no,no,no,[ 0.55368727],roc_auc,6.0
211,dictlearn,svc_l2,yes,no,LedoitWolf,ABIDE,40,23,partial correlation,,no,no,no,[ 0.55488221],roc_auc,6.0
212,dictlearn,ridge,yes,no,LedoitWolf,ABIDE,40,23,partial correlation,,no,no,no,[ 0.54003073],roc_auc,6.0
213,dictlearn,svc_l1,yes,no,LedoitWolf,ABIDE,40,23,tangent,,no,no,no,[ 0.5558211],roc_auc,6.0
214,dictlearn,svc_l2,yes,no,LedoitWolf,ABIDE,40,23,tangent,,no,no,no,[ 0.57903721],roc_auc,6.0
215,dictlearn,ridge,yes,no,LedoitWolf,ABIDE,40,23,tangent,,no,no,no,[ 0.54660294],roc_auc,6.0
216,dictlearn,svc_l1,yes,no,LedoitWolf,ABIDE,40,24,correlation,,no,no,no,[ 0.56836804],roc_auc,6.0
217,dictlearn,svc_l2,yes,no,LedoitWolf,ABIDE,40,24,correlation,,no,no,no,[ 0.56572209],roc_auc,6.0
218,dictlearn,ridge,yes,no,LedoitWolf,ABIDE,40,24,correlation,,no,no,no,[ 0.53072721],roc_auc,6.0
219,dictlearn,svc_l1,yes,no,LedoitWolf,ABIDE,40,24,partial correlation,,no,no,no,[ 0.58834073],roc_auc,6.0
220,dictlearn,svc_l2,yes,no,LedoitWolf,ABIDE,40,24,partial correlation,,no,no,no,[ 0.58441448],roc_auc,6.0
221,dictlearn,ridge,yes,no,LedoitWolf,ABIDE,40,24,partial correlation,,no,no,no,[ 0.58560942],roc_auc,6.0
222,dictlearn,svc_l1,yes,no,LedoitWolf,ABIDE,40,24,tangent,,no,no,no,[ 0.57007511],roc_auc,6.0
223,dictlearn,svc_l2,yes,no,LedoitWolf,ABIDE,40,24,tangent,,no,no,no,[ 0.58467054],roc_auc,6.0
224,dictlearn,ridge,yes,no,LedoitWolf,ABIDE,40,24,tangent,,no,no,no,[ 0.57604985],roc_auc,6.0
225,dictlearn,svc_l1,yes,no,LedoitWolf,ABIDE,40,25,correlation,,no,no,no,[ 0.66754865],roc_auc,6.0
226,dictlearn,svc_l2,yes,no,LedoitWolf,ABIDE,40,25,correlation,,no,no,no,[ 0.67284056],roc_auc,6.0
227,dictlearn,ridge,yes,no,LedoitWolf,ABIDE,40,25,correlation,,no,no,no,[ 0.64373506],roc_auc,6.0
228,dictlearn,svc_l1,yes,no,LedoitWolf,ABIDE,40,25,partial correlation,,no,no,no,[ 0.61189826],roc_auc,6.0
229,dictlearn,svc_l2,yes,no,LedoitWolf,ABIDE,40,25,partial correlation,,no,no,no,[ 0.58671902],roc_auc,6.0
230,dictlearn,ridge,yes,no,LedoitWolf,ABIDE,40,25,partial correlation,,no,no,no,[ 0.5711847],roc_auc,6.0
231,dictlearn,svc_l1,yes,no,LedoitWolf,ABIDE,40,25,tangent,,no,no,no,[ 0.6218846],roc_auc,6.0
232,dictlearn,svc_l2,yes,no,LedoitWolf,ABIDE,40,25,tangent,,no,no,no,[ 0.64066234],roc_auc,6.0
233,dictlearn,ridge,yes,no,LedoitWolf,ABIDE,40,25,tangent,,no,no,no,[ 0.58082963],roc_auc,6.0
234,dictlearn,svc_l1,yes,no,LedoitWolf,ABIDE,40,26,correlation,,no,no,no,[ 0.67523045],roc_auc,6.0
235,dictlearn,svc_l2,yes,no,LedoitWolf,ABIDE,40,26,correlation,,no,no,no,[ 0.65389211],roc_auc,6.0
236,dictlearn,ridge,yes,no,LedoitWolf,ABIDE,40,26,correlation,,no,no,no,[ 0.62751792],roc_auc,6.0
237,dictlearn,svc_l1,yes,no,LedoitWolf,ABIDE,40,26,partial correlation,,no,no,no,[ 0.61582451],roc_auc,6.0
238,dictlearn,svc_l2,yes,no,LedoitWolf,ABIDE,40,26,partial correlation,,no,no,no,[ 0.63255377],roc_auc,6.0
239,dictlearn,ridge,yes,no,LedoitWolf,ABIDE,40,26,partial correlation,,no,no,no,[ 0.61206897],roc_auc,6.0
240,dictlearn,svc_l1,yes,no,LedoitWolf,ABIDE,40,26,tangent,,no,no,no,[ 0.69272789],roc_auc,6.0
241,dictlearn,svc_l2,yes,no,LedoitWolf,ABIDE,40,26,tangent,,no,no,no,[ 0.65773301],roc_auc,6.0
242,dictlearn,ridge,yes,no,LedoitWolf,ABIDE,40,26,tangent,,no,no,no,[ 0.63101741],roc_auc,6.0
243,dictlearn,svc_l1,yes,no,LedoitWolf,ABIDE,40,27,correlation,,no,no,no,[ 0.63519973],roc_auc,6.0
244,dictlearn,svc_l2,yes,no,LedoitWolf,ABIDE,40,27,correlation,,no,no,no,[ 0.66225674],roc_auc,6.0
245,dictlearn,ridge,yes,no,LedoitWolf,ABIDE,40,27,correlation,,no,no,no,[ 0.64006487],roc_auc,6.0
246,dictlearn,svc_l1,yes,no,LedoitWolf,ABIDE,40,27,partial correlation,,no,no,no,[ 0.5609423],roc_auc,6.0
247,dictlearn,svc_l2,yes,no,LedoitWolf,ABIDE,40,27,partial correlation,,no,no,no,[ 0.54455446],roc_auc,6.0
248,dictlearn,ridge,yes,no,LedoitWolf,ABIDE,40,27,partial correlation,,no,no,no,[ 0.54250597],roc_auc,6.0
249,dictlearn,svc_l1,yes,no,LedoitWolf,ABIDE,40,27,tangent,,no,no,no,[ 0.61889723],roc_auc,6.0
250,dictlearn,svc_l2,yes,no,LedoitWolf,ABIDE,40,27,tangent,,no,no,no,[ 0.60191192],roc_auc,6.0
251,dictlearn,ridge,yes,no,LedoitWolf,ABIDE,40,27,tangent,,no,no,no,[ 0.59286446],roc_auc,6.0
252,dictlearn,svc_l1,yes,no,LedoitWolf,ABIDE,40,28,correlation,,no,no,no,[ 0.64680778],roc_auc,6.0
253,dictlearn,svc_l2,yes,no,LedoitWolf,ABIDE,40,28,correlation,,no,no,no,[ 0.61266644],roc_auc,6.0
254,dictlearn,ridge,yes,no,LedoitWolf,ABIDE,40,28,correlation,,no,no,no,[ 0.56947764],roc_auc,6.0
255,dictlearn,svc_l1,yes,no,LedoitWolf,ABIDE,40,28,partial correlation,,no,no,no,[ 0.56956299],roc_auc,6.0
256,dictlearn,svc_l2,yes,no,LedoitWolf,ABIDE,40,28,partial correlation,,no,no,no,[ 0.55257767],roc_auc,6.0
257,dictlearn,ridge,yes,no,LedoitWolf,ABIDE,40,28,partial correlation,,no,no,no,[ 0.54216456],roc_auc,6.0
258,dictlearn,svc_l1,yes,no,LedoitWolf,ABIDE,40,28,tangent,,no,no,no,[ 0.58834073],roc_auc,6.0
259,dictlearn,svc_l2,yes,no,LedoitWolf,ABIDE,40,28,tangent,,no,no,no,[ 0.58595084],roc_auc,6.0
260,dictlearn,ridge,yes,no,LedoitWolf,ABIDE,40,28,tangent,,no,no,no,[ 0.54720041],roc_auc,6.0
261,dictlearn,svc_l1,yes,no,LedoitWolf,ABIDE,40,29,correlation,,no,no,no,[ 0.64185729],roc_auc,6.0
262,dictlearn,svc_l2,yes,no,LedoitWolf,ABIDE,40,29,correlation,,no,no,no,[ 0.68103448],roc_auc,6.0
263,dictlearn,ridge,yes,no,LedoitWolf,ABIDE,40,29,correlation,,no,no,no,[ 0.63315125],roc_auc,6.0
264,dictlearn,svc_l1,yes,no,LedoitWolf,ABIDE,40,29,partial correlation,,no,no,no,[ 0.61659269],roc_auc,6.0
265,dictlearn,svc_l2,yes,no,LedoitWolf,ABIDE,40,29,partial correlation,,no,no,no,[ 0.61317856],roc_auc,6.0
266,dictlearn,ridge,yes,no,LedoitWolf,ABIDE,40,29,partial correlation,,no,no,no,[ 0.60122909],roc_auc,6.0
267,dictlearn,svc_l1,yes,no,LedoitWolf,ABIDE,40,29,tangent,,no,no,no,[ 0.60566746],roc_auc,6.0
268,dictlearn,svc_l2,yes,no,LedoitWolf,ABIDE,40,29,tangent,,no,no,no,[ 0.63921133],roc_auc,6.0
269,dictlearn,ridge,yes,no,LedoitWolf,ABIDE,40,29,tangent,,no,no,no,[ 0.61360533],roc_auc,6.0
270,dictlearn,svc_l1,yes,no,LedoitWolf,ABIDE,40,30,correlation,,no,no,no,[ 0.59354729],roc_auc,6.0
271,dictlearn,svc_l2,yes,no,LedoitWolf,ABIDE,40,30,correlation,,no,no,no,[ 0.5887675],roc_auc,6.0
272,dictlearn,ridge,yes,no,LedoitWolf,ABIDE,40,30,correlation,,no,no,no,[ 0.58356094],roc_auc,6.0
273,dictlearn,svc_l1,yes,no,LedoitWolf,ABIDE,40,30,partial correlation,,no,no,no,[ 0.52987368],roc_auc,6.0
274,dictlearn,svc_l2,yes,no,LedoitWolf,ABIDE,40,30,partial correlation,,no,no,no,[ 0.54165244],roc_auc,6.0
275,dictlearn,ridge,yes,no,LedoitWolf,ABIDE,40,30,partial correlation,,no,no,no,[ 0.512803],roc_auc,6.0
276,dictlearn,svc_l1,yes,no,LedoitWolf,ABIDE,40,30,tangent,,no,no,no,[ 0.62179925],roc_auc,6.0
277,dictlearn,svc_l2,yes,no,LedoitWolf,ABIDE,40,30,tangent,,no,no,no,[ 0.59679071],roc_auc,6.0
278,dictlearn,ridge,yes,no,LedoitWolf,ABIDE,40,30,tangent,,no,no,no,[ 0.55590645],roc_auc,6.0
279,dictlearn,svc_l1,yes,no,LedoitWolf,ABIDE,40,31,correlation,,no,no,no,[ 0.66660976],roc_auc,6.0
280,dictlearn,svc_l2,yes,no,LedoitWolf,ABIDE,40,31,correlation,,no,no,no,[ 0.66370775],roc_auc,6.0
281,dictlearn,ridge,yes,no,LedoitWolf,ABIDE,40,31,correlation,,no,no,no,[ 0.66191533],roc_auc,6.0
282,dictlearn,svc_l1,yes,no,LedoitWolf,ABIDE,40,31,partial correlation,,no,no,no,[ 0.58142711],roc_auc,6.0
283,dictlearn,svc_l2,yes,no,LedoitWolf,ABIDE,40,31,partial correlation,,no,no,no,[ 0.60711847],roc_auc,6.0
284,dictlearn,ridge,yes,no,LedoitWolf,ABIDE,40,31,partial correlation,,no,no,no,[ 0.58484124],roc_auc,6.0
285,dictlearn,svc_l1,yes,no,LedoitWolf,ABIDE,40,31,tangent,,no,no,no,[ 0.66413452],roc_auc,6.0
286,dictlearn,svc_l2,yes,no,LedoitWolf,ABIDE,40,31,tangent,,no,no,no,[ 0.68419256],roc_auc,6.0
287,dictlearn,ridge,yes,no,LedoitWolf,ABIDE,40,31,tangent,,no,no,no,[ 0.65474565],roc_auc,6.0
288,dictlearn,svc_l1,yes,no,LedoitWolf,ABIDE,40,32,correlation,,no,no,no,[ 0.63332195],roc_auc,6.0
289,dictlearn,svc_l2,yes,no,LedoitWolf,ABIDE,40,32,correlation,,no,no,no,[ 0.61428815],roc_auc,6.0
290,dictlearn,ridge,yes,no,LedoitWolf,ABIDE,40,32,correlation,,no,no,no,[ 0.56452714],roc_auc,6.0
291,dictlearn,svc_l1,yes,no,LedoitWolf,ABIDE,40,32,partial correlation,,no,no,no,[ 0.57135541],roc_auc,6.0
292,dictlearn,svc_l2,yes,no,LedoitWolf,ABIDE,40,32,partial correlation,,no,no,no,[ 0.58100034],roc_auc,6.0
293,dictlearn,ridge,yes,no,LedoitWolf,ABIDE,40,32,partial correlation,,no,no,no,[ 0.57297713],roc_auc,6.0
294,dictlearn,svc_l1,yes,no,LedoitWolf,ABIDE,40,32,tangent,,no,no,no,[ 0.59687607],roc_auc,6.0
295,dictlearn,svc_l2,yes,no,LedoitWolf,ABIDE,40,32,tangent,,no,no,no,[ 0.59329123],roc_auc,6.0
296,dictlearn,ridge,yes,no,LedoitWolf,ABIDE,40,32,tangent,,no,no,no,[ 0.56410038],roc_auc,6.0
297,dictlearn,svc_l1,yes,no,LedoitWolf,ABIDE,40,33,correlation,,no,no,no,[ 0.62589621],roc_auc,6.0
298,dictlearn,svc_l2,yes,no,LedoitWolf,ABIDE,40,33,correlation,,no,no,no,[ 0.64894162],roc_auc,6.0
299,dictlearn,ridge,yes,no,LedoitWolf,ABIDE,40,33,correlation,,no,no,no,[ 0.60336292],roc_auc,6.0
300,dictlearn,svc_l1,yes,no,LedoitWolf,ABIDE,40,33,partial correlation,,no,no,no,[ 0.54250597],roc_auc,6.0
301,dictlearn,svc_l2,yes,no,LedoitWolf,ABIDE,40,33,partial correlation,,no,no,no,[ 0.56196654],roc_auc,6.0
302,dictlearn,ridge,yes,no,LedoitWolf,ABIDE,40,33,partial correlation,,no,no,no,[ 0.57144076],roc_auc,6.0
303,dictlearn,svc_l1,yes,no,LedoitWolf,ABIDE,40,33,tangent,,no,no,no,[ 0.58927962],roc_auc,6.0
304,dictlearn,svc_l2,yes,no,LedoitWolf,ABIDE,40,33,tangent,,no,no,no,[ 0.62214066],roc_auc,6.0
305,dictlearn,ridge,yes,no,LedoitWolf,ABIDE,40,33,tangent,,no,no,no,[ 0.60088767],roc_auc,6.0
306,dictlearn,svc_l1,yes,no,LedoitWolf,ABIDE,40,34,correlation,,no,no,no,[ 0.57690338],roc_auc,6.0
307,dictlearn,svc_l2,yes,no,LedoitWolf,ABIDE,40,34,correlation,,no,no,no,[ 0.61198361],roc_auc,6.0
308,dictlearn,ridge,yes,no,LedoitWolf,ABIDE,40,34,correlation,,no,no,no,[ 0.56102765],roc_auc,6.0
309,dictlearn,svc_l1,yes,no,LedoitWolf,ABIDE,40,34,partial correlation,,no,no,no,[ 0.55334585],roc_auc,6.0
310,dictlearn,svc_l2,yes,no,LedoitWolf,ABIDE,40,34,partial correlation,,no,no,no,[ 0.56153977],roc_auc,6.0
311,dictlearn,ridge,yes,no,LedoitWolf,ABIDE,40,34,partial correlation,,no,no,no,[ 0.54506658],roc_auc,6.0
312,dictlearn,svc_l1,yes,no,LedoitWolf,ABIDE,40,34,tangent,,no,no,no,[ 0.55172414],roc_auc,6.0
313,dictlearn,svc_l2,yes,no,LedoitWolf,ABIDE,40,34,tangent,,no,no,no,[ 0.56964834],roc_auc,6.0
314,dictlearn,ridge,yes,no,LedoitWolf,ABIDE,40,34,tangent,,no,no,no,[ 0.54353022],roc_auc,6.0
315,dictlearn,svc_l1,yes,no,LedoitWolf,ABIDE,40,35,correlation,,no,no,no,[ 0.62931034],roc_auc,6.0
316,dictlearn,svc_l2,yes,no,LedoitWolf,ABIDE,40,35,correlation,,no,no,no,[ 0.63861386],roc_auc,6.0
317,dictlearn,ridge,yes,no,LedoitWolf,ABIDE,40,35,correlation,,no,no,no,[ 0.60438716],roc_auc,6.0
318,dictlearn,svc_l1,yes,no,LedoitWolf,ABIDE,40,35,partial correlation,,no,no,no,[ 0.56700239],roc_auc,6.0
319,dictlearn,svc_l2,yes,no,LedoitWolf,ABIDE,40,35,partial correlation,,no,no,no,[ 0.57604985],roc_auc,6.0
320,dictlearn,ridge,yes,no,LedoitWolf,ABIDE,40,35,partial correlation,,no,no,no,[ 0.5506999],roc_auc,6.0
321,dictlearn,svc_l1,yes,no,LedoitWolf,ABIDE,40,35,tangent,,no,no,no,[ 0.55565039],roc_auc,6.0
322,dictlearn,svc_l2,yes,no,LedoitWolf,ABIDE,40,35,tangent,,no,no,no,[ 0.59209628],roc_auc,6.0
323,dictlearn,ridge,yes,no,LedoitWolf,ABIDE,40,35,tangent,,no,no,no,[ 0.55283373],roc_auc,6.0
324,dictlearn,svc_l1,yes,no,LedoitWolf,ABIDE,40,36,correlation,,no,no,no,[ 0.57903721],roc_auc,6.0
325,dictlearn,svc_l2,yes,no,LedoitWolf,ABIDE,40,36,correlation,,no,no,no,[ 0.60327757],roc_auc,6.0
326,dictlearn,ridge,yes,no,LedoitWolf,ABIDE,40,36,correlation,,no,no,no,[ 0.55855241],roc_auc,6.0
327,dictlearn,svc_l1,yes,no,LedoitWolf,ABIDE,40,36,partial correlation,,no,no,no,[ 0.58902356],roc_auc,6.0
328,dictlearn,svc_l2,yes,no,LedoitWolf,ABIDE,40,36,partial correlation,,no,no,no,[ 0.59098668],roc_auc,6.0
329,dictlearn,ridge,yes,no,LedoitWolf,ABIDE,40,36,partial correlation,,no,no,no,[ 0.57391601],roc_auc,6.0
330,dictlearn,svc_l1,yes,no,LedoitWolf,ABIDE,40,36,tangent,,no,no,no,[ 0.55471151],roc_auc,6.0
331,dictlearn,svc_l2,yes,no,LedoitWolf,ABIDE,40,36,tangent,,no,no,no,[ 0.58279276],roc_auc,6.0
332,dictlearn,ridge,yes,no,LedoitWolf,ABIDE,40,36,tangent,,no,no,no,[ 0.55368727],roc_auc,6.0
333,dictlearn,svc_l1,yes,no,LedoitWolf,ABIDE,40,37,correlation,,no,no,no,[ 0.66396381],roc_auc,6.0
334,dictlearn,svc_l2,yes,no,LedoitWolf,ABIDE,40,37,correlation,,no,no,no,[ 0.63682144],roc_auc,6.0
335,dictlearn,ridge,yes,no,LedoitWolf,ABIDE,40,37,correlation,,no,no,no,[ 0.6167634],roc_auc,6.0
336,dictlearn,svc_l1,yes,no,LedoitWolf,ABIDE,40,37,partial correlation,,no,no,no,[ 0.58432912],roc_auc,6.0
337,dictlearn,svc_l2,yes,no,LedoitWolf,ABIDE,40,37,partial correlation,,no,no,no,[ 0.57306248],roc_auc,6.0
338,dictlearn,ridge,yes,no,LedoitWolf,ABIDE,40,37,partial correlation,,no,no,no,[ 0.57562308],roc_auc,6.0
339,dictlearn,svc_l1,yes,no,LedoitWolf,ABIDE,40,37,tangent,,no,no,no,[ 0.60447252],roc_auc,6.0
340,dictlearn,svc_l2,yes,no,LedoitWolf,ABIDE,40,37,tangent,,no,no,no,[ 0.63400478],roc_auc,6.0
341,dictlearn,ridge,yes,no,LedoitWolf,ABIDE,40,37,tangent,,no,no,no,[ 0.59738819],roc_auc,6.0
342,dictlearn,svc_l1,yes,no,LedoitWolf,ABIDE,40,38,correlation,,no,no,no,[ 0.58245135],roc_auc,6.0
343,dictlearn,svc_l2,yes,no,LedoitWolf,ABIDE,40,38,correlation,,no,no,no,[ 0.6142028],roc_auc,6.0
344,dictlearn,ridge,yes,no,LedoitWolf,ABIDE,40,38,correlation,,no,no,no,[ 0.60788665],roc_auc,6.0
345,dictlearn,svc_l1,yes,no,LedoitWolf,ABIDE,40,38,partial correlation,,no,no,no,[ 0.54216456],roc_auc,6.0
346,dictlearn,svc_l2,yes,no,LedoitWolf,ABIDE,40,38,partial correlation,,no,no,no,[ 0.55189484],roc_auc,6.0
347,dictlearn,ridge,yes,no,LedoitWolf,ABIDE,40,38,partial correlation,,no,no,no,[ 0.52304541],roc_auc,6.0
348,dictlearn,svc_l1,yes,no,LedoitWolf,ABIDE,40,38,tangent,,no,no,no,[ 0.55223626],roc_auc,6.0
349,dictlearn,svc_l2,yes,no,LedoitWolf,ABIDE,40,38,tangent,,no,no,no,[ 0.56922158],roc_auc,6.0
350,dictlearn,ridge,yes,no,LedoitWolf,ABIDE,40,38,tangent,,no,no,no,[ 0.55018778],roc_auc,6.0
351,dictlearn,svc_l1,yes,no,LedoitWolf,ABIDE,40,39,correlation,,no,no,no,[ 0.61975077],roc_auc,6.0
352,dictlearn,svc_l2,yes,no,LedoitWolf,ABIDE,40,39,correlation,,no,no,no,[ 0.64612496],roc_auc,6.0
353,dictlearn,ridge,yes,no,LedoitWolf,ABIDE,40,39,correlation,,no,no,no,[ 0.58441448],roc_auc,6.0
354,dictlearn,svc_l1,yes,no,LedoitWolf,ABIDE,40,39,partial correlation,,no,no,no,[ 0.61684875],roc_auc,6.0
355,dictlearn,svc_l2,yes,no,LedoitWolf,ABIDE,40,39,partial correlation,,no,no,no,[ 0.62820075],roc_auc,6.0
356,dictlearn,ridge,yes,no,LedoitWolf,ABIDE,40,39,partial correlation,,no,no,no,[ 0.63741891],roc_auc,6.0
357,dictlearn,svc_l1,yes,no,LedoitWolf,ABIDE,40,39,tangent,,no,no,no,[ 0.62205531],roc_auc,6.0
358,dictlearn,svc_l2,yes,no,LedoitWolf,ABIDE,40,39,tangent,,no,no,no,[ 0.62384773],roc_auc,6.0
359,dictlearn,ridge,yes,no,LedoitWolf,ABIDE,40,39,tangent,,no,no,no,[ 0.57656197],roc_auc,6.0
360,dictlearn,svc_l1,yes,no,LedoitWolf,ABIDE,40,40,correlation,,no,no,no,[ 0.65397747],roc_auc,6.0
361,dictlearn,svc_l2,yes,no,LedoitWolf,ABIDE,40,40,correlation,,no,no,no,[ 0.62913964],roc_auc,6.0
362,dictlearn,ridge,yes,no,LedoitWolf,ABIDE,40,40,correlation,,no,no,no,[ 0.60677706],roc_auc,6.0
363,dictlearn,svc_l1,yes,no,LedoitWolf,ABIDE,40,40,partial correlation,,no,no,no,[ 0.61958006],roc_auc,6.0
364,dictlearn,svc_l2,yes,no,LedoitWolf,ABIDE,40,40,partial correlation,,no,no,no,[ 0.61044725],roc_auc,6.0
365,dictlearn,ridge,yes,no,LedoitWolf,ABIDE,40,40,partial correlation,,no,no,no,[ 0.60600888],roc_auc,6.0
366,dictlearn,svc_l1,yes,no,LedoitWolf,ABIDE,40,40,tangent,,no,no,no,[ 0.63904063],roc_auc,6.0
367,dictlearn,svc_l2,yes,no,LedoitWolf,ABIDE,40,40,tangent,,no,no,no,[ 0.63878457],roc_auc,6.0
368,dictlearn,ridge,yes,no,LedoitWolf,ABIDE,40,40,tangent,,no,no,no,[ 0.58757255],roc_auc,6.0
369,dictlearn,svc_l1,yes,no,LedoitWolf,ABIDE,40,41,correlation,,no,no,no,[ 0.6105326],roc_auc,6.0
370,dictlearn,svc_l2,yes,no,LedoitWolf,ABIDE,40,41,correlation,,no,no,no,[ 0.59866849],roc_auc,6.0
371,dictlearn,ridge,yes,no,LedoitWolf,ABIDE,40,41,correlation,,no,no,no,[ 0.57929327],roc_auc,6.0
372,dictlearn,svc_l1,yes,no,LedoitWolf,ABIDE,40,41,partial correlation,,no,no,no,[ 0.6142028],roc_auc,6.0
373,dictlearn,svc_l2,yes,no,LedoitWolf,ABIDE,40,41,partial correlation,,no,no,no,[ 0.62965176],roc_auc,6.0
374,dictlearn,ridge,yes,no,LedoitWolf,ABIDE,40,41,partial correlation,,no,no,no,[ 0.62982247],roc_auc,6.0
375,dictlearn,svc_l1,yes,no,LedoitWolf,ABIDE,40,41,tangent,,no,no,no,[ 0.63571185],roc_auc,6.0
376,dictlearn,svc_l2,yes,no,LedoitWolf,ABIDE,40,41,tangent,,no,no,no,[ 0.62657904],roc_auc,6.0
377,dictlearn,ridge,yes,no,LedoitWolf,ABIDE,40,41,tangent,,no,no,no,[ 0.64117446],roc_auc,6.0
378,dictlearn,svc_l1,yes,no,LedoitWolf,ABIDE,40,42,correlation,,no,no,no,[ 0.61795835],roc_auc,6.0
379,dictlearn,svc_l2,yes,no,LedoitWolf,ABIDE,40,42,correlation,,no,no,no,[ 0.61727552],roc_auc,6.0
380,dictlearn,ridge,yes,no,LedoitWolf,ABIDE,40,42,correlation,,no,no,no,[ 0.56794128],roc_auc,6.0
381,dictlearn,svc_l1,yes,no,LedoitWolf,ABIDE,40,42,partial correlation,,no,no,no,[ 0.58919426],roc_auc,6.0
382,dictlearn,svc_l2,yes,no,LedoitWolf,ABIDE,40,42,partial correlation,,no,no,no,[ 0.59576647],roc_auc,6.0
383,dictlearn,ridge,yes,no,LedoitWolf,ABIDE,40,42,partial correlation,,no,no,no,[ 0.6002902],roc_auc,6.0
384,dictlearn,svc_l1,yes,no,LedoitWolf,ABIDE,40,42,tangent,,no,no,no,[ 0.58817002],roc_auc,6.0
385,dictlearn,svc_l2,yes,no,LedoitWolf,ABIDE,40,42,tangent,,no,no,no,[ 0.62154319],roc_auc,6.0
386,dictlearn,ridge,yes,no,LedoitWolf,ABIDE,40,42,tangent,,no,no,no,[ 0.57920792],roc_auc,6.0
387,dictlearn,svc_l1,yes,no,LedoitWolf,ABIDE,40,43,correlation,,no,no,no,[ 0.66567088],roc_auc,6.0
388,dictlearn,svc_l2,yes,no,LedoitWolf,ABIDE,40,43,correlation,,no,no,no,[ 0.6473199],roc_auc,6.0
389,dictlearn,ridge,yes,no,LedoitWolf,ABIDE,40,43,correlation,,no,no,no,[ 0.64766132],roc_auc,6.0
390,dictlearn,svc_l1,yes,no,LedoitWolf,ABIDE,40,43,partial correlation,,no,no,no,[ 0.51835097],roc_auc,6.0
391,dictlearn,svc_l2,yes,no,LedoitWolf,ABIDE,40,43,partial correlation,,no,no,no,[ 0.53354387],roc_auc,6.0
392,dictlearn,ridge,yes,no,LedoitWolf,ABIDE,40,43,partial correlation,,no,no,no,[ 0.53764083],roc_auc,6.0
393,dictlearn,svc_l1,yes,no,LedoitWolf,ABIDE,40,43,tangent,,no,no,no,[ 0.58629225],roc_auc,6.0
394,dictlearn,svc_l2,yes,no,LedoitWolf,ABIDE,40,43,tangent,,no,no,no,[ 0.60805736],roc_auc,6.0
395,dictlearn,ridge,yes,no,LedoitWolf,ABIDE,40,43,tangent,,no,no,no,[ 0.6002902],roc_auc,6.0
396,dictlearn,svc_l1,yes,no,LedoitWolf,ABIDE,40,44,correlation,,no,no,no,[ 0.66157392],roc_auc,6.0
397,dictlearn,svc_l2,yes,no,LedoitWolf,ABIDE,40,44,correlation,,no,no,no,[ 0.64083305],roc_auc,6.0
398,dictlearn,ridge,yes,no,LedoitWolf,ABIDE,40,44,correlation,,no,no,no,[ 0.64313759],roc_auc,6.0
399,dictlearn,svc_l1,yes,no,LedoitWolf,ABIDE,40,44,partial correlation,,no,no,no,[ 0.55812564],roc_auc,6.0
400,dictlearn,svc_l2,yes,no,LedoitWolf,ABIDE,40,44,partial correlation,,no,no,no,[ 0.5633322],roc_auc,6.0
401,dictlearn,ridge,yes,no,LedoitWolf,ABIDE,40,44,partial correlation,,no,no,no,[ 0.57459884],roc_auc,6.0
402,dictlearn,svc_l1,yes,no,LedoitWolf,ABIDE,40,44,tangent,,no,no,no,[ 0.59986343],roc_auc,6.0
403,dictlearn,svc_l2,yes,no,LedoitWolf,ABIDE,40,44,tangent,,no,no,no,[ 0.63878457],roc_auc,6.0
404,dictlearn,ridge,yes,no,LedoitWolf,ABIDE,40,44,tangent,,no,no,no,[ 0.62632298],roc_auc,6.0
405,dictlearn,svc_l1,yes,no,LedoitWolf,ABIDE,40,45,correlation,,no,no,no,[ 0.61462957],roc_auc,6.0
406,dictlearn,svc_l2,yes,no,LedoitWolf,ABIDE,40,45,correlation,,no,no,no,[ 0.64194264],roc_auc,6.0
407,dictlearn,ridge,yes,no,LedoitWolf,ABIDE,40,45,correlation,,no,no,no,[ 0.62401844],roc_auc,6.0
408,dictlearn,svc_l1,yes,no,LedoitWolf,ABIDE,40,45,partial correlation,,no,no,no,[ 0.54924889],roc_auc,6.0
409,dictlearn,svc_l2,yes,no,LedoitWolf,ABIDE,40,45,partial correlation,,no,no,no,[ 0.60950836],roc_auc,6.0
410,dictlearn,ridge,yes,no,LedoitWolf,ABIDE,40,45,partial correlation,,no,no,no,[ 0.59798566],roc_auc,6.0
411,dictlearn,svc_l1,yes,no,LedoitWolf,ABIDE,40,45,tangent,,no,no,no,[ 0.62290884],roc_auc,6.0
412,dictlearn,svc_l2,yes,no,LedoitWolf,ABIDE,40,45,tangent,,no,no,no,[ 0.67232844],roc_auc,6.0
413,dictlearn,ridge,yes,no,LedoitWolf,ABIDE,40,45,tangent,,no,no,no,[ 0.66217139],roc_auc,6.0
414,dictlearn,svc_l1,yes,no,LedoitWolf,ABIDE,40,46,correlation,,no,no,no,[ 0.65815978],roc_auc,6.0
415,dictlearn,svc_l2,yes,no,LedoitWolf,ABIDE,40,46,correlation,,no,no,no,[ 0.65346535],roc_auc,6.0
416,dictlearn,ridge,yes,no,LedoitWolf,ABIDE,40,46,correlation,,no,no,no,[ 0.64817344],roc_auc,6.0
417,dictlearn,svc_l1,yes,no,LedoitWolf,ABIDE,40,46,partial correlation,,no,no,no,[ 0.58356094],roc_auc,6.0
418,dictlearn,svc_l2,yes,no,LedoitWolf,ABIDE,40,46,partial correlation,,no,no,no,[ 0.61437351],roc_auc,6.0
419,dictlearn,ridge,yes,no,LedoitWolf,ABIDE,40,46,partial correlation,,no,no,no,[ 0.60549676],roc_auc,6.0
420,dictlearn,svc_l1,yes,no,LedoitWolf,ABIDE,40,46,tangent,,no,no,no,[ 0.6458689],roc_auc,6.0
421,dictlearn,svc_l2,yes,no,LedoitWolf,ABIDE,40,46,tangent,,no,no,no,[ 0.67275521],roc_auc,6.0
422,dictlearn,ridge,yes,no,LedoitWolf,ABIDE,40,46,tangent,,no,no,no,[ 0.66541482],roc_auc,6.0
423,dictlearn,svc_l1,yes,no,LedoitWolf,ABIDE,40,47,correlation,,no,no,no,[ 0.60711847],roc_auc,6.0
424,dictlearn,svc_l2,yes,no,LedoitWolf,ABIDE,40,47,correlation,,no,no,no,[ 0.60481393],roc_auc,6.0
425,dictlearn,ridge,yes,no,LedoitWolf,ABIDE,40,47,correlation,,no,no,no,[ 0.59798566],roc_auc,6.0
426,dictlearn,svc_l1,yes,no,LedoitWolf,ABIDE,40,47,partial correlation,,no,no,no,[ 0.52902014],roc_auc,6.0
427,dictlearn,svc_l2,yes,no,LedoitWolf,ABIDE,40,47,partial correlation,,no,no,no,[ 0.53781154],roc_auc,6.0
428,dictlearn,ridge,yes,no,LedoitWolf,ABIDE,40,47,partial correlation,,no,no,no,[ 0.54165244],roc_auc,6.0
429,dictlearn,svc_l1,yes,no,LedoitWolf,ABIDE,40,47,tangent,,no,no,no,[ 0.55163878],roc_auc,6.0
430,dictlearn,svc_l2,yes,no,LedoitWolf,ABIDE,40,47,tangent,,no,no,no,[ 0.56597815],roc_auc,6.0
431,dictlearn,ridge,yes,no,LedoitWolf,ABIDE,40,47,tangent,,no,no,no,[ 0.55479686],roc_auc,6.0
432,dictlearn,svc_l1,yes,no,LedoitWolf,ABIDE,40,48,correlation,,no,no,no,[ 0.64808808],roc_auc,6.0
433,dictlearn,svc_l2,yes,no,LedoitWolf,ABIDE,40,48,correlation,,no,no,no,[ 0.6421987],roc_auc,6.0
434,dictlearn,ridge,yes,no,LedoitWolf,ABIDE,40,48,correlation,,no,no,no,[ 0.59807101],roc_auc,6.0
435,dictlearn,svc_l1,yes,no,LedoitWolf,ABIDE,40,48,partial correlation,,no,no,no,[ 0.60319222],roc_auc,6.0
436,dictlearn,svc_l2,yes,no,LedoitWolf,ABIDE,40,48,partial correlation,,no,no,no,[ 0.62606692],roc_auc,6.0
437,dictlearn,ridge,yes,no,LedoitWolf,ABIDE,40,48,partial correlation,,no,no,no,[ 0.59346193],roc_auc,6.0
438,dictlearn,svc_l1,yes,no,LedoitWolf,ABIDE,40,48,tangent,,no,no,no,[ 0.60745988],roc_auc,6.0
439,dictlearn,svc_l2,yes,no,LedoitWolf,ABIDE,40,48,tangent,,no,no,no,[ 0.63724821],roc_auc,6.0
440,dictlearn,ridge,yes,no,LedoitWolf,ABIDE,40,48,tangent,,no,no,no,[ 0.5977296],roc_auc,6.0
441,dictlearn,svc_l1,yes,no,LedoitWolf,ABIDE,40,49,correlation,,no,no,no,[ 0.65585524],roc_auc,6.0
442,dictlearn,svc_l2,yes,no,LedoitWolf,ABIDE,40,49,correlation,,no,no,no,[ 0.63758962],roc_auc,6.0
443,dictlearn,ridge,yes,no,LedoitWolf,ABIDE,40,49,correlation,,no,no,no,[ 0.59610789],roc_auc,6.0
444,dictlearn,svc_l1,yes,no,LedoitWolf,ABIDE,40,49,partial correlation,,no,no,no,[ 0.62162854],roc_auc,6.0
445,dictlearn,svc_l2,yes,no,LedoitWolf,ABIDE,40,49,partial correlation,,no,no,no,[ 0.61309321],roc_auc,6.0
446,dictlearn,ridge,yes,no,LedoitWolf,ABIDE,40,49,partial correlation,,no,no,no,[ 0.59064527],roc_auc,6.0
447,dictlearn,svc_l1,yes,no,LedoitWolf,ABIDE,40,49,tangent,,no,no,no,[ 0.63272448],roc_auc,6.0
448,dictlearn,svc_l2,yes,no,LedoitWolf,ABIDE,40,49,tangent,,no,no,no,[ 0.64015022],roc_auc,6.0
449,dictlearn,ridge,yes,no,LedoitWolf,ABIDE,40,49,tangent,,no,no,no,[ 0.60293616],roc_auc,6.0
450,dictlearn,svc_l1,yes,no,LedoitWolf,ABIDE,40,50,correlation,,no,no,no,[ 0.53661659],roc_auc,6.0
451,dictlearn,svc_l2,yes,no,LedoitWolf,ABIDE,40,50,correlation,,no,no,no,[ 0.57314783],roc_auc,6.0
452,dictlearn,ridge,yes,no,LedoitWolf,ABIDE,40,50,correlation,,no,no,no,[ 0.52142369],roc_auc,6.0
453,dictlearn,svc_l1,yes,no,LedoitWolf,ABIDE,40,50,partial correlation,,no,no,no,[ 0.55556504],roc_auc,6.0
454,dictlearn,svc_l2,yes,no,LedoitWolf,ABIDE,40,50,partial correlation,,no,no,no,[ 0.55701605],roc_auc,6.0
455,dictlearn,ridge,yes,no,LedoitWolf,ABIDE,40,50,partial correlation,,no,no,no,[ 0.56811198],roc_auc,6.0
456,dictlearn,svc_l1,yes,no,LedoitWolf,ABIDE,40,50,tangent,,no,no,no,[ 0.57323319],roc_auc,6.0
457,dictlearn,svc_l2,yes,no,LedoitWolf,ABIDE,40,50,tangent,,no,no,no,[ 0.56213725],roc_auc,6.0
458,dictlearn,ridge,yes,no,LedoitWolf,ABIDE,40,50,tangent,,no,no,no,[ 0.53149539],roc_auc,6.0
459,dictlearn,svc_l1,yes,no,LedoitWolf,ABIDE,40,51,correlation,,no,no,no,[ 0.6052407],roc_auc,6.0
460,dictlearn,svc_l2,yes,no,LedoitWolf,ABIDE,40,51,correlation,,no,no,no,[ 0.58296347],roc_auc,6.0
461,dictlearn,ridge,yes,no,LedoitWolf,ABIDE,40,51,correlation,,no,no,no,[ 0.57442813],roc_auc,6.0
462,dictlearn,svc_l1,yes,no,LedoitWolf,ABIDE,40,51,partial correlation,,no,no,no,[ 0.57246501],roc_auc,6.0
463,dictlearn,svc_l2,yes,no,LedoitWolf,ABIDE,40,51,partial correlation,,no,no,no,[ 0.58646296],roc_auc,6.0
464,dictlearn,ridge,yes,no,LedoitWolf,ABIDE,40,51,partial correlation,,no,no,no,[ 0.56555138],roc_auc,6.0
465,dictlearn,svc_l1,yes,no,LedoitWolf,ABIDE,40,51,tangent,,no,no,no,[ 0.58979174],roc_auc,6.0
466,dictlearn,svc_l2,yes,no,LedoitWolf,ABIDE,40,51,tangent,,no,no,no,[ 0.58245135],roc_auc,6.0
467,dictlearn,ridge,yes,no,LedoitWolf,ABIDE,40,51,tangent,,no,no,no,[ 0.55513827],roc_auc,6.0
468,dictlearn,svc_l1,yes,no,LedoitWolf,ABIDE,40,52,correlation,,no,no,no,[ 0.64032093],roc_auc,6.0
469,dictlearn,svc_l2,yes,no,LedoitWolf,ABIDE,40,52,correlation,,no,no,no,[ 0.66831683],roc_auc,6.0
470,dictlearn,ridge,yes,no,LedoitWolf,ABIDE,40,52,correlation,,no,no,no,[ 0.63434619],roc_auc,6.0
471,dictlearn,svc_l1,yes,no,LedoitWolf,ABIDE,40,52,partial correlation,,no,no,no,[ 0.62307955],roc_auc,6.0
472,dictlearn,svc_l2,yes,no,LedoitWolf,ABIDE,40,52,partial correlation,,no,no,no,[ 0.61522704],roc_auc,6.0
473,dictlearn,ridge,yes,no,LedoitWolf,ABIDE,40,52,partial correlation,,no,no,no,[ 0.60600888],roc_auc,6.0
474,dictlearn,svc_l1,yes,no,LedoitWolf,ABIDE,40,52,tangent,,no,no,no,[ 0.64416183],roc_auc,6.0
475,dictlearn,svc_l2,yes,no,LedoitWolf,ABIDE,40,52,tangent,,no,no,no,[ 0.63827245],roc_auc,6.0
476,dictlearn,ridge,yes,no,LedoitWolf,ABIDE,40,52,tangent,,no,no,no,[ 0.60472858],roc_auc,6.0
477,dictlearn,svc_l1,yes,no,LedoitWolf,ABIDE,40,53,correlation,,no,no,no,[ 0.59704677],roc_auc,6.0
478,dictlearn,svc_l2,yes,no,LedoitWolf,ABIDE,40,53,correlation,,no,no,no,[ 0.57673267],roc_auc,6.0
479,dictlearn,ridge,yes,no,LedoitWolf,ABIDE,40,53,correlation,,no,no,no,[ 0.52406965],roc_auc,6.0
480,dictlearn,svc_l1,yes,no,LedoitWolf,ABIDE,40,53,partial correlation,,no,no,no,[ 0.54788324],roc_auc,6.0
481,dictlearn,svc_l2,yes,no,LedoitWolf,ABIDE,40,53,partial correlation,,no,no,no,[ 0.56410038],roc_auc,6.0
482,dictlearn,ridge,yes,no,LedoitWolf,ABIDE,40,53,partial correlation,,no,no,no,[ 0.54626152],roc_auc,6.0
483,dictlearn,svc_l1,yes,no,LedoitWolf,ABIDE,40,53,tangent,,no,no,no,[ 0.58791396],roc_auc,6.0
484,dictlearn,svc_l2,yes,no,LedoitWolf,ABIDE,40,53,tangent,,no,no,no,[ 0.5748549],roc_auc,6.0
485,dictlearn,ridge,yes,no,LedoitWolf,ABIDE,40,53,tangent,,no,no,no,[ 0.56435644],roc_auc,6.0
486,dictlearn,svc_l1,yes,no,LedoitWolf,ABIDE,40,54,correlation,,no,no,no,[ 0.60302151],roc_auc,6.0
487,dictlearn,svc_l2,yes,no,LedoitWolf,ABIDE,40,54,correlation,,no,no,no,[ 0.62307955],roc_auc,6.0
488,dictlearn,ridge,yes,no,LedoitWolf,ABIDE,40,54,correlation,,no,no,no,[ 0.60225333],roc_auc,6.0
489,dictlearn,svc_l1,yes,no,LedoitWolf,ABIDE,40,54,partial correlation,,no,no,no,[ 0.55914988],roc_auc,6.0
490,dictlearn,svc_l2,yes,no,LedoitWolf,ABIDE,40,54,partial correlation,,no,no,no,[ 0.53618983],roc_auc,6.0
491,dictlearn,ridge,yes,no,LedoitWolf,ABIDE,40,54,partial correlation,,no,no,no,[ 0.524155],roc_auc,6.0
492,dictlearn,svc_l1,yes,no,LedoitWolf,ABIDE,40,54,tangent,,no,no,no,[ 0.58424377],roc_auc,6.0
493,dictlearn,svc_l2,yes,no,LedoitWolf,ABIDE,40,54,tangent,,no,no,no,[ 0.58740184],roc_auc,6.0
494,dictlearn,ridge,yes,no,LedoitWolf,ABIDE,40,54,tangent,,no,no,no,[ 0.54242062],roc_auc,6.0
495,dictlearn,svc_l1,yes,no,LedoitWolf,ABIDE,40,55,correlation,,no,no,no,[ 0.6383578],roc_auc,6.0
496,dictlearn,svc_l2,yes,no,LedoitWolf,ABIDE,40,55,correlation,,no,no,no,[ 0.65525777],roc_auc,6.0
497,dictlearn,ridge,yes,no,LedoitWolf,ABIDE,40,55,correlation,,no,no,no,[ 0.6054114],roc_auc,6.0
498,dictlearn,svc_l1,yes,no,LedoitWolf,ABIDE,40,55,partial correlation,,no,no,no,[ 0.59593718],roc_auc,6.0
499,dictlearn,svc_l2,yes,no,LedoitWolf,ABIDE,40,55,partial correlation,,no,no,no,[ 0.55769887],roc_auc,6.0
500,dictlearn,ridge,yes,no,LedoitWolf,ABIDE,40,55,partial correlation,,no,no,no,[ 0.55761352],roc_auc,6.0
501,dictlearn,svc_l1,yes,no,LedoitWolf,ABIDE,40,55,tangent,,no,no,no,[ 0.61070331],roc_auc,6.0
502,dictlearn,svc_l2,yes,no,LedoitWolf,ABIDE,40,55,tangent,,no,no,no,[ 0.60225333],roc_auc,6.0
503,dictlearn,ridge,yes,no,LedoitWolf,ABIDE,40,55,tangent,,no,no,no,[ 0.59559577],roc_auc,6.0
504,dictlearn,svc_l1,yes,no,LedoitWolf,ABIDE,40,56,correlation,,no,no,no,[ 0.66908501],roc_auc,6.0
505,dictlearn,svc_l2,yes,no,LedoitWolf,ABIDE,40,56,correlation,,no,no,no,[ 0.66789006],roc_auc,6.0
506,dictlearn,ridge,yes,no,LedoitWolf,ABIDE,40,56,correlation,,no,no,no,[ 0.64774667],roc_auc,6.0
507,dictlearn,svc_l1,yes,no,LedoitWolf,ABIDE,40,56,partial correlation,,no,no,no,[ 0.5825367],roc_auc,6.0
508,dictlearn,svc_l2,yes,no,LedoitWolf,ABIDE,40,56,partial correlation,,no,no,no,[ 0.59568112],roc_auc,6.0
509,dictlearn,ridge,yes,no,LedoitWolf,ABIDE,40,56,partial correlation,,no,no,no,[ 0.58014681],roc_auc,6.0
510,dictlearn,svc_l1,yes,no,LedoitWolf,ABIDE,40,56,tangent,,no,no,no,[ 0.6447593],roc_auc,6.0
511,dictlearn,svc_l2,yes,no,LedoitWolf,ABIDE,40,56,tangent,,no,no,no,[ 0.64100376],roc_auc,6.0
512,dictlearn,ridge,yes,no,LedoitWolf,ABIDE,40,56,tangent,,no,no,no,[ 0.61992147],roc_auc,6.0
513,dictlearn,svc_l1,yes,no,LedoitWolf,ABIDE,40,57,correlation,,no,no,no,[ 0.58185388],roc_auc,6.0
514,dictlearn,svc_l2,yes,no,LedoitWolf,ABIDE,40,57,correlation,,no,no,no,[ 0.59184022],roc_auc,6.0
515,dictlearn,ridge,yes,no,LedoitWolf,ABIDE,40,57,correlation,,no,no,no,[ 0.57220895],roc_auc,6.0
516,dictlearn,svc_l1,yes,no,LedoitWolf,ABIDE,40,57,partial correlation,,no,no,no,[ 0.56563674],roc_auc,6.0
517,dictlearn,svc_l2,yes,no,LedoitWolf,ABIDE,40,57,partial correlation,,no,no,no,[ 0.58117105],roc_auc,6.0
518,dictlearn,ridge,yes,no,LedoitWolf,ABIDE,40,57,partial correlation,,no,no,no,[ 0.5699044],roc_auc,6.0
519,dictlearn,svc_l1,yes,no,LedoitWolf,ABIDE,40,57,tangent,,no,no,no,[ 0.56674633],roc_auc,6.0
520,dictlearn,svc_l2,yes,no,LedoitWolf,ABIDE,40,57,tangent,,no,no,no,[ 0.5786958],roc_auc,6.0
521,dictlearn,ridge,yes,no,LedoitWolf,ABIDE,40,57,tangent,,no,no,no,[ 0.57178218],roc_auc,6.0
522,dictlearn,svc_l1,yes,no,LedoitWolf,ABIDE,40,58,correlation,,no,no,no,[ 0.59371799],roc_auc,6.0
523,dictlearn,svc_l2,yes,no,LedoitWolf,ABIDE,40,58,correlation,,no,no,no,[ 0.61787299],roc_auc,6.0
524,dictlearn,ridge,yes,no,LedoitWolf,ABIDE,40,58,correlation,,no,no,no,[ 0.58851144],roc_auc,6.0
525,dictlearn,svc_l1,yes,no,LedoitWolf,ABIDE,40,58,partial correlation,,no,no,no,[ 0.62495732],roc_auc,6.0
526,dictlearn,svc_l2,yes,no,LedoitWolf,ABIDE,40,58,partial correlation,,no,no,no,[ 0.62598156],roc_auc,6.0
527,dictlearn,ridge,yes,no,LedoitWolf,ABIDE,40,58,partial correlation,,no,no,no,[ 0.5887675],roc_auc,6.0
528,dictlearn,svc_l1,yes,no,LedoitWolf,ABIDE,40,58,tangent,,no,no,no,[ 0.60489928],roc_auc,6.0
529,dictlearn,svc_l2,yes,no,LedoitWolf,ABIDE,40,58,tangent,,no,no,no,[ 0.64134517],roc_auc,6.0
530,dictlearn,ridge,yes,no,LedoitWolf,ABIDE,40,58,tangent,,no,no,no,[ 0.59551041],roc_auc,6.0
531,dictlearn,svc_l1,yes,no,LedoitWolf,ABIDE,40,59,correlation,,no,no,no,[ 0.63076135],roc_auc,6.0
532,dictlearn,svc_l2,yes,no,LedoitWolf,ABIDE,40,59,correlation,,no,no,no,[ 0.65064869],roc_auc,6.0
533,dictlearn,ridge,yes,no,LedoitWolf,ABIDE,40,59,correlation,,no,no,no,[ 0.62615227],roc_auc,6.0
534,dictlearn,svc_l1,yes,no,LedoitWolf,ABIDE,40,59,partial correlation,,no,no,no,[ 0.57289177],roc_auc,6.0
535,dictlearn,svc_l2,yes,no,LedoitWolf,ABIDE,40,59,partial correlation,,no,no,no,[ 0.5786958],roc_auc,6.0
536,dictlearn,ridge,yes,no,LedoitWolf,ABIDE,40,59,partial correlation,,no,no,no,[ 0.56153977],roc_auc,6.0
537,dictlearn,svc_l1,yes,no,LedoitWolf,ABIDE,40,59,tangent,,no,no,no,[ 0.59491294],roc_auc,6.0
538,dictlearn,svc_l2,yes,no,LedoitWolf,ABIDE,40,59,tangent,,no,no,no,[ 0.63366337],roc_auc,6.0
539,dictlearn,ridge,yes,no,LedoitWolf,ABIDE,40,59,tangent,,no,no,no,[ 0.61317856],roc_auc,6.0
540,dictlearn,svc_l1,yes,no,LedoitWolf,ABIDE,40,60,correlation,,no,no,no,[ 0.59815637],roc_auc,6.0
541,dictlearn,svc_l2,yes,no,LedoitWolf,ABIDE,40,60,correlation,,no,no,no,[ 0.61590987],roc_auc,6.0
542,dictlearn,ridge,yes,no,LedoitWolf,ABIDE,40,60,correlation,,no,no,no,[ 0.61590987],roc_auc,6.0
543,dictlearn,svc_l1,yes,no,LedoitWolf,ABIDE,40,60,partial correlation,,no,no,no,[ 0.56264937],roc_auc,6.0
544,dictlearn,svc_l2,yes,no,LedoitWolf,ABIDE,40,60,partial correlation,,no,no,no,[ 0.56597815],roc_auc,6.0
545,dictlearn,ridge,yes,no,LedoitWolf,ABIDE,40,60,partial correlation,,no,no,no,[ 0.5635029],roc_auc,6.0
546,dictlearn,svc_l1,yes,no,LedoitWolf,ABIDE,40,60,tangent,,no,no,no,[ 0.57673267],roc_auc,6.0
547,dictlearn,svc_l2,yes,no,LedoitWolf,ABIDE,40,60,tangent,,no,no,no,[ 0.59585183],roc_auc,6.0
548,dictlearn,ridge,yes,no,LedoitWolf,ABIDE,40,60,tangent,,no,no,no,[ 0.55693069],roc_auc,6.0
549,dictlearn,svc_l1,yes,no,LedoitWolf,ABIDE,40,61,correlation,,no,no,no,[ 0.62538409],roc_auc,6.0
550,dictlearn,svc_l2,yes,no,LedoitWolf,ABIDE,40,61,correlation,,no,no,no,[ 0.64117446],roc_auc,6.0
551,dictlearn,ridge,yes,no,LedoitWolf,ABIDE,40,61,correlation,,no,no,no,[ 0.60754524],roc_auc,6.0
552,dictlearn,svc_l1,yes,no,LedoitWolf,ABIDE,40,61,partial correlation,,no,no,no,[ 0.50273131],roc_auc,6.0
553,dictlearn,svc_l2,yes,no,LedoitWolf,ABIDE,40,61,partial correlation,,no,no,no,[ 0.48378286],roc_auc,6.0
554,dictlearn,ridge,yes,no,LedoitWolf,ABIDE,40,61,partial correlation,,no,no,no,[ 0.46756572],roc_auc,6.0
555,dictlearn,svc_l1,yes,no,LedoitWolf,ABIDE,40,61,tangent,,no,no,no,[ 0.5481393],roc_auc,6.0
556,dictlearn,svc_l2,yes,no,LedoitWolf,ABIDE,40,61,tangent,,no,no,no,[ 0.58731649],roc_auc,6.0
557,dictlearn,ridge,yes,no,LedoitWolf,ABIDE,40,61,tangent,,no,no,no,[ 0.55240696],roc_auc,6.0
558,dictlearn,svc_l1,yes,no,LedoitWolf,ABIDE,40,62,correlation,,no,no,no,[ 0.59568112],roc_auc,6.0
559,dictlearn,svc_l2,yes,no,LedoitWolf,ABIDE,40,62,correlation,,no,no,no,[ 0.58919426],roc_auc,6.0
560,dictlearn,ridge,yes,no,LedoitWolf,ABIDE,40,62,correlation,,no,no,no,[ 0.5686241],roc_auc,6.0
561,dictlearn,svc_l1,yes,no,LedoitWolf,ABIDE,40,62,partial correlation,,no,no,no,[ 0.58569478],roc_auc,6.0
562,dictlearn,svc_l2,yes,no,LedoitWolf,ABIDE,40,62,partial correlation,,no,no,no,[ 0.6039604],roc_auc,6.0
563,dictlearn,ridge,yes,no,LedoitWolf,ABIDE,40,62,partial correlation,,no,no,no,[ 0.58304882],roc_auc,6.0
564,dictlearn,svc_l1,yes,no,LedoitWolf,ABIDE,40,62,tangent,,no,no,no,[ 0.59081598],roc_auc,6.0
565,dictlearn,svc_l2,yes,no,LedoitWolf,ABIDE,40,62,tangent,,no,no,no,[ 0.60720382],roc_auc,6.0
566,dictlearn,ridge,yes,no,LedoitWolf,ABIDE,40,62,tangent,,no,no,no,[ 0.57818368],roc_auc,6.0
567,dictlearn,svc_l1,yes,no,LedoitWolf,ABIDE,40,63,correlation,,no,no,no,[ 0.68214408],roc_auc,6.0
568,dictlearn,svc_l2,yes,no,LedoitWolf,ABIDE,40,63,correlation,,no,no,no,[ 0.67915671],roc_auc,6.0
569,dictlearn,ridge,yes,no,LedoitWolf,ABIDE,40,63,correlation,,no,no,no,[ 0.63443155],roc_auc,6.0
570,dictlearn,svc_l1,yes,no,LedoitWolf,ABIDE,40,63,partial correlation,,no,no,no,[ 0.54984636],roc_auc,6.0
571,dictlearn,svc_l2,yes,no,LedoitWolf,ABIDE,40,63,partial correlation,,no,no,no,[ 0.57715944],roc_auc,6.0
572,dictlearn,ridge,yes,no,LedoitWolf,ABIDE,40,63,partial correlation,,no,no,no,[ 0.58159781],roc_auc,6.0
573,dictlearn,svc_l1,yes,no,LedoitWolf,ABIDE,40,63,tangent,,no,no,no,[ 0.62342096],roc_auc,6.0
574,dictlearn,svc_l2,yes,no,LedoitWolf,ABIDE,40,63,tangent,,no,no,no,[ 0.62077501],roc_auc,6.0
575,dictlearn,ridge,yes,no,LedoitWolf,ABIDE,40,63,tangent,,no,no,no,[ 0.59969273],roc_auc,6.0
576,dictlearn,svc_l1,yes,no,LedoitWolf,ABIDE,40,64,correlation,,no,no,no,[ 0.59960737],roc_auc,6.0
577,dictlearn,svc_l2,yes,no,LedoitWolf,ABIDE,40,64,correlation,,no,no,no,[ 0.61394674],roc_auc,6.0
578,dictlearn,ridge,yes,no,LedoitWolf,ABIDE,40,64,correlation,,no,no,no,[ 0.58578013],roc_auc,6.0
579,dictlearn,svc_l1,yes,no,LedoitWolf,ABIDE,40,64,partial correlation,,no,no,no,[ 0.60174121],roc_auc,6.0
580,dictlearn,svc_l2,yes,no,LedoitWolf,ABIDE,40,64,partial correlation,,no,no,no,[ 0.60899624],roc_auc,6.0
581,dictlearn,ridge,yes,no,LedoitWolf,ABIDE,40,64,partial correlation,,no,no,no,[ 0.57750085],roc_auc,6.0
582,dictlearn,svc_l1,yes,no,LedoitWolf,ABIDE,40,64,tangent,,no,no,no,[ 0.61002048],roc_auc,6.0
583,dictlearn,svc_l2,yes,no,LedoitWolf,ABIDE,40,64,tangent,,no,no,no,[ 0.60404575],roc_auc,6.0
584,dictlearn,ridge,yes,no,LedoitWolf,ABIDE,40,64,tangent,,no,no,no,[ 0.57365995],roc_auc,6.0
585,dictlearn,svc_l1,yes,no,LedoitWolf,ABIDE,40,65,correlation,,no,no,no,[ 0.6026801],roc_auc,6.0
586,dictlearn,svc_l2,yes,no,LedoitWolf,ABIDE,40,65,correlation,,no,no,no,[ 0.60566746],roc_auc,6.0
587,dictlearn,ridge,yes,no,LedoitWolf,ABIDE,40,65,correlation,,no,no,no,[ 0.55641857],roc_auc,6.0
588,dictlearn,svc_l1,yes,no,LedoitWolf,ABIDE,40,65,partial correlation,,no,no,no,[ 0.5686241],roc_auc,6.0
589,dictlearn,svc_l2,yes,no,LedoitWolf,ABIDE,40,65,partial correlation,,no,no,no,[ 0.5900478],roc_auc,6.0
590,dictlearn,ridge,yes,no,LedoitWolf,ABIDE,40,65,partial correlation,,no,no,no,[ 0.56913622],roc_auc,6.0
591,dictlearn,svc_l1,yes,no,LedoitWolf,ABIDE,40,65,tangent,,no,no,no,[ 0.53089792],roc_auc,6.0
592,dictlearn,svc_l2,yes,no,LedoitWolf,ABIDE,40,65,tangent,,no,no,no,[ 0.57929327],roc_auc,6.0
593,dictlearn,ridge,yes,no,LedoitWolf,ABIDE,40,65,tangent,,no,no,no,[ 0.54498122],roc_auc,6.0
594,dictlearn,svc_l1,yes,no,LedoitWolf,ABIDE,40,66,correlation,,no,no,no,[ 0.62589621],roc_auc,6.0
595,dictlearn,svc_l2,yes,no,LedoitWolf,ABIDE,40,66,correlation,,no,no,no,[ 0.62128713],roc_auc,6.0
596,dictlearn,ridge,yes,no,LedoitWolf,ABIDE,40,66,correlation,,no,no,no,[ 0.59457153],roc_auc,6.0
597,dictlearn,svc_l1,yes,no,LedoitWolf,ABIDE,40,66,partial correlation,,no,no,no,[ 0.53789689],roc_auc,6.0
598,dictlearn,svc_l2,yes,no,LedoitWolf,ABIDE,40,66,partial correlation,,no,no,no,[ 0.5836463],roc_auc,6.0
599,dictlearn,ridge,yes,no,LedoitWolf,ABIDE,40,66,partial correlation,,no,no,no,[ 0.58117105],roc_auc,6.0
600,dictlearn,svc_l1,yes,no,LedoitWolf,ABIDE,40,66,tangent,,no,no,no,[ 0.59038921],roc_auc,6.0
601,dictlearn,svc_l2,yes,no,LedoitWolf,ABIDE,40,66,tangent,,no,no,no,[ 0.59201093],roc_auc,6.0
602,dictlearn,ridge,yes,no,LedoitWolf,ABIDE,40,66,tangent,,no,no,no,[ 0.5699044],roc_auc,6.0
603,dictlearn,svc_l1,yes,no,LedoitWolf,ABIDE,40,67,correlation,,no,no,no,[ 0.62896893],roc_auc,6.0
604,dictlearn,svc_l2,yes,no,LedoitWolf,ABIDE,40,67,correlation,,no,no,no,[ 0.6268351],roc_auc,6.0
605,dictlearn,ridge,yes,no,LedoitWolf,ABIDE,40,67,correlation,,no,no,no,[ 0.58347559],roc_auc,6.0
606,dictlearn,svc_l1,yes,no,LedoitWolf,ABIDE,40,67,partial correlation,,no,no,no,[ 0.58006145],roc_auc,6.0
607,dictlearn,svc_l2,yes,no,LedoitWolf,ABIDE,40,67,partial correlation,,no,no,no,[ 0.57954933],roc_auc,6.0
608,dictlearn,ridge,yes,no,LedoitWolf,ABIDE,40,67,partial correlation,,no,no,no,[ 0.56341755],roc_auc,6.0
609,dictlearn,svc_l1,yes,no,LedoitWolf,ABIDE,40,67,tangent,,no,no,no,[ 0.60976442],roc_auc,6.0
610,dictlearn,svc_l2,yes,no,LedoitWolf,ABIDE,40,67,tangent,,no,no,no,[ 0.60626494],roc_auc,6.0
611,dictlearn,ridge,yes,no,LedoitWolf,ABIDE,40,67,tangent,,no,no,no,[ 0.58774326],roc_auc,6.0
612,dictlearn,svc_l1,yes,no,LedoitWolf,ABIDE,40,68,correlation,,no,no,no,[ 0.6625128],roc_auc,6.0
613,dictlearn,svc_l2,yes,no,LedoitWolf,ABIDE,40,68,correlation,,no,no,no,[ 0.6535507],roc_auc,6.0
614,dictlearn,ridge,yes,no,LedoitWolf,ABIDE,40,68,correlation,,no,no,no,[ 0.64962445],roc_auc,6.0
615,dictlearn,svc_l1,yes,no,LedoitWolf,ABIDE,40,68,partial correlation,,no,no,no,[ 0.56794128],roc_auc,6.0
616,dictlearn,svc_l2,yes,no,LedoitWolf,ABIDE,40,68,partial correlation,,no,no,no,[ 0.59542506],roc_auc,6.0
617,dictlearn,ridge,yes,no,LedoitWolf,ABIDE,40,68,partial correlation,,no,no,no,[ 0.58535336],roc_auc,6.0
618,dictlearn,svc_l1,yes,no,LedoitWolf,ABIDE,40,68,tangent,,no,no,no,[ 0.63741891],roc_auc,6.0
619,dictlearn,svc_l2,yes,no,LedoitWolf,ABIDE,40,68,tangent,,no,no,no,[ 0.61590987],roc_auc,6.0
620,dictlearn,ridge,yes,no,LedoitWolf,ABIDE,40,68,tangent,,no,no,no,[ 0.59158416],roc_auc,6.0
621,dictlearn,svc_l1,yes,no,LedoitWolf,ABIDE,40,69,correlation,,no,no,no,[ 0.5913281],roc_auc,6.0
622,dictlearn,svc_l2,yes,no,LedoitWolf,ABIDE,40,69,correlation,,no,no,no,[ 0.60600888],roc_auc,6.0
623,dictlearn,ridge,yes,no,LedoitWolf,ABIDE,40,69,correlation,,no,no,no,[ 0.62290884],roc_auc,6.0
624,dictlearn,svc_l1,yes,no,LedoitWolf,ABIDE,40,69,partial correlation,,no,no,no,[ 0.56324684],roc_auc,6.0
625,dictlearn,svc_l2,yes,no,LedoitWolf,ABIDE,40,69,partial correlation,,no,no,no,[ 0.54549334],roc_auc,6.0
626,dictlearn,ridge,yes,no,LedoitWolf,ABIDE,40,69,partial correlation,,no,no,no,[ 0.53439741],roc_auc,6.0
627,dictlearn,svc_l1,yes,no,LedoitWolf,ABIDE,40,69,tangent,,no,no,no,[ 0.5938887],roc_auc,6.0
628,dictlearn,svc_l2,yes,no,LedoitWolf,ABIDE,40,69,tangent,,no,no,no,[ 0.61189826],roc_auc,6.0
629,dictlearn,ridge,yes,no,LedoitWolf,ABIDE,40,69,tangent,,no,no,no,[ 0.582366],roc_auc,6.0
630,dictlearn,svc_l1,yes,no,LedoitWolf,ABIDE,40,70,correlation,,no,no,no,[ 0.6142028],roc_auc,6.0
631,dictlearn,svc_l2,yes,no,LedoitWolf,ABIDE,40,70,correlation,,no,no,no,[ 0.65406282],roc_auc,6.0
632,dictlearn,ridge,yes,no,LedoitWolf,ABIDE,40,70,correlation,,no,no,no,[ 0.61701946],roc_auc,6.0
633,dictlearn,svc_l1,yes,no,LedoitWolf,ABIDE,40,70,partial correlation,,no,no,no,[ 0.58057357],roc_auc,6.0
634,dictlearn,svc_l2,yes,no,LedoitWolf,ABIDE,40,70,partial correlation,,no,no,no,[ 0.60370434],roc_auc,6.0
635,dictlearn,ridge,yes,no,LedoitWolf,ABIDE,40,70,partial correlation,,no,no,no,[ 0.61480027],roc_auc,6.0
636,dictlearn,svc_l1,yes,no,LedoitWolf,ABIDE,40,70,tangent,,no,no,no,[ 0.58868214],roc_auc,6.0
637,dictlearn,svc_l2,yes,no,LedoitWolf,ABIDE,40,70,tangent,,no,no,no,[ 0.65030727],roc_auc,6.0
638,dictlearn,ridge,yes,no,LedoitWolf,ABIDE,40,70,tangent,,no,no,no,[ 0.62922499],roc_auc,6.0
639,dictlearn,svc_l1,yes,no,LedoitWolf,ABIDE,40,71,correlation,,no,no,no,[ 0.58065893],roc_auc,6.0
640,dictlearn,svc_l2,yes,no,LedoitWolf,ABIDE,40,71,correlation,,no,no,no,[ 0.60575282],roc_auc,6.0
641,dictlearn,ridge,yes,no,LedoitWolf,ABIDE,40,71,correlation,,no,no,no,[ 0.60088767],roc_auc,6.0
642,dictlearn,svc_l1,yes,no,LedoitWolf,ABIDE,40,71,partial correlation,,no,no,no,[ 0.62768863],roc_auc,6.0
643,dictlearn,svc_l2,yes,no,LedoitWolf,ABIDE,40,71,partial correlation,,no,no,no,[ 0.59576647],roc_auc,6.0
644,dictlearn,ridge,yes,no,LedoitWolf,ABIDE,40,71,partial correlation,,no,no,no,[ 0.59329123],roc_auc,6.0
645,dictlearn,svc_l1,yes,no,LedoitWolf,ABIDE,40,71,tangent,,no,no,no,[ 0.60694776],roc_auc,6.0
646,dictlearn,svc_l2,yes,no,LedoitWolf,ABIDE,40,71,tangent,,no,no,no,[ 0.64108911],roc_auc,6.0
647,dictlearn,ridge,yes,no,LedoitWolf,ABIDE,40,71,tangent,,no,no,no,[ 0.62896893],roc_auc,6.0
648,dictlearn,svc_l1,yes,no,LedoitWolf,ABIDE,40,72,correlation,,no,no,no,[ 0.53601912],roc_auc,6.0
649,dictlearn,svc_l2,yes,no,LedoitWolf,ABIDE,40,72,correlation,,no,no,no,[ 0.55360191],roc_auc,6.0
650,dictlearn,ridge,yes,no,LedoitWolf,ABIDE,40,72,correlation,,no,no,no,[ 0.55377262],roc_auc,6.0
651,dictlearn,svc_l1,yes,no,LedoitWolf,ABIDE,40,72,partial correlation,,no,no,no,[ 0.60293616],roc_auc,6.0
652,dictlearn,svc_l2,yes,no,LedoitWolf,ABIDE,40,72,partial correlation,,no,no,no,[ 0.60839877],roc_auc,6.0
653,dictlearn,ridge,yes,no,LedoitWolf,ABIDE,40,72,partial correlation,,no,no,no,[ 0.58834073],roc_auc,6.0
654,dictlearn,svc_l1,yes,no,LedoitWolf,ABIDE,40,72,tangent,,no,no,no,[ 0.56700239],roc_auc,6.0
655,dictlearn,svc_l2,yes,no,LedoitWolf,ABIDE,40,72,tangent,,no,no,no,[ 0.59730283],roc_auc,6.0
656,dictlearn,ridge,yes,no,LedoitWolf,ABIDE,40,72,tangent,,no,no,no,[ 0.56247866],roc_auc,6.0
657,dictlearn,svc_l1,yes,no,LedoitWolf,ABIDE,40,73,correlation,,no,no,no,[ 0.65406282],roc_auc,6.0
658,dictlearn,svc_l2,yes,no,LedoitWolf,ABIDE,40,73,correlation,,no,no,no,[ 0.68069307],roc_auc,6.0
659,dictlearn,ridge,yes,no,LedoitWolf,ABIDE,40,73,correlation,,no,no,no,[ 0.67309662],roc_auc,6.0
660,dictlearn,svc_l1,yes,no,LedoitWolf,ABIDE,40,73,partial correlation,,no,no,no,[ 0.58595084],roc_auc,6.0
661,dictlearn,svc_l2,yes,no,LedoitWolf,ABIDE,40,73,partial correlation,,no,no,no,[ 0.60370434],roc_auc,6.0
662,dictlearn,ridge,yes,no,LedoitWolf,ABIDE,40,73,partial correlation,,no,no,no,[ 0.59909525],roc_auc,6.0
663,dictlearn,svc_l1,yes,no,LedoitWolf,ABIDE,40,73,tangent,,no,no,no,[ 0.60165586],roc_auc,6.0
664,dictlearn,svc_l2,yes,no,LedoitWolf,ABIDE,40,73,tangent,,no,no,no,[ 0.64740526],roc_auc,6.0
665,dictlearn,ridge,yes,no,LedoitWolf,ABIDE,40,73,tangent,,no,no,no,[ 0.61701946],roc_auc,6.0
666,dictlearn,svc_l1,yes,no,LedoitWolf,ABIDE,40,74,correlation,,no,no,no,[ 0.60959372],roc_auc,6.0
667,dictlearn,svc_l2,yes,no,LedoitWolf,ABIDE,40,74,correlation,,no,no,no,[ 0.61599522],roc_auc,6.0
668,dictlearn,ridge,yes,no,LedoitWolf,ABIDE,40,74,correlation,,no,no,no,[ 0.59824172],roc_auc,6.0
669,dictlearn,svc_l1,yes,no,LedoitWolf,ABIDE,40,74,partial correlation,,no,no,no,[ 0.59064527],roc_auc,6.0
670,dictlearn,svc_l2,yes,no,LedoitWolf,ABIDE,40,74,partial correlation,,no,no,no,[ 0.56179583],roc_auc,6.0
671,dictlearn,ridge,yes,no,LedoitWolf,ABIDE,40,74,partial correlation,,no,no,no,[ 0.54327416],roc_auc,6.0
672,dictlearn,svc_l1,yes,no,LedoitWolf,ABIDE,40,74,tangent,,no,no,no,[ 0.59098668],roc_auc,6.0
673,dictlearn,svc_l2,yes,no,LedoitWolf,ABIDE,40,74,tangent,,no,no,no,[ 0.59943667],roc_auc,6.0
674,dictlearn,ridge,yes,no,LedoitWolf,ABIDE,40,74,tangent,,no,no,no,[ 0.5735746],roc_auc,6.0
675,dictlearn,svc_l1,yes,no,LedoitWolf,ABIDE,40,75,correlation,,no,no,no,[ 0.57459884],roc_auc,6.0
676,dictlearn,svc_l2,yes,no,LedoitWolf,ABIDE,40,75,correlation,,no,no,no,[ 0.56239331],roc_auc,6.0
677,dictlearn,ridge,yes,no,LedoitWolf,ABIDE,40,75,correlation,,no,no,no,[ 0.54728576],roc_auc,6.0
678,dictlearn,svc_l1,yes,no,LedoitWolf,ABIDE,40,75,partial correlation,,no,no,no,[ 0.56324684],roc_auc,6.0
679,dictlearn,svc_l2,yes,no,LedoitWolf,ABIDE,40,75,partial correlation,,no,no,no,[ 0.55052919],roc_auc,6.0
680,dictlearn,ridge,yes,no,LedoitWolf,ABIDE,40,75,partial correlation,,no,no,no,[ 0.5393479],roc_auc,6.0
681,dictlearn,svc_l1,yes,no,LedoitWolf,ABIDE,40,75,tangent,,no,no,no,[ 0.57314783],roc_auc,6.0
682,dictlearn,svc_l2,yes,no,LedoitWolf,ABIDE,40,75,tangent,,no,no,no,[ 0.55257767],roc_auc,6.0
683,dictlearn,ridge,yes,no,LedoitWolf,ABIDE,40,75,tangent,,no,no,no,[ 0.52756914],roc_auc,6.0
684,dictlearn,svc_l1,yes,no,LedoitWolf,ABIDE,40,76,correlation,,no,no,no,[ 0.66908501],roc_auc,6.0
685,dictlearn,svc_l2,yes,no,LedoitWolf,ABIDE,40,76,correlation,,no,no,no,[ 0.66985319],roc_auc,6.0
686,dictlearn,ridge,yes,no,LedoitWolf,ABIDE,40,76,correlation,,no,no,no,[ 0.63332195],roc_auc,6.0
687,dictlearn,svc_l1,yes,no,LedoitWolf,ABIDE,40,76,partial correlation,,no,no,no,[ 0.64032093],roc_auc,6.0
688,dictlearn,svc_l2,yes,no,LedoitWolf,ABIDE,40,76,partial correlation,,no,no,no,[ 0.65525777],roc_auc,6.0
689,dictlearn,ridge,yes,no,LedoitWolf,ABIDE,40,76,partial correlation,,no,no,no,[ 0.66584158],roc_auc,6.0
690,dictlearn,svc_l1,yes,no,LedoitWolf,ABIDE,40,76,tangent,,no,no,no,[ 0.64168658],roc_auc,6.0
691,dictlearn,svc_l2,yes,no,LedoitWolf,ABIDE,40,76,tangent,,no,no,no,[ 0.64996586],roc_auc,6.0
692,dictlearn,ridge,yes,no,LedoitWolf,ABIDE,40,76,tangent,,no,no,no,[ 0.64236941],roc_auc,6.0
693,dictlearn,svc_l1,yes,no,LedoitWolf,ABIDE,40,77,correlation,,no,no,no,[ 0.61027654],roc_auc,6.0
694,dictlearn,svc_l2,yes,no,LedoitWolf,ABIDE,40,77,correlation,,no,no,no,[ 0.61906794],roc_auc,6.0
695,dictlearn,ridge,yes,no,LedoitWolf,ABIDE,40,77,correlation,,no,no,no,[ 0.5622226],roc_auc,6.0
696,dictlearn,svc_l1,yes,no,LedoitWolf,ABIDE,40,77,partial correlation,,no,no,no,[ 0.61283715],roc_auc,6.0
697,dictlearn,svc_l2,yes,no,LedoitWolf,ABIDE,40,77,partial correlation,,no,no,no,[ 0.63024923],roc_auc,6.0
698,dictlearn,ridge,yes,no,LedoitWolf,ABIDE,40,77,partial correlation,,no,no,no,[ 0.62128713],roc_auc,6.0
699,dictlearn,svc_l1,yes,no,LedoitWolf,ABIDE,40,77,tangent,,no,no,no,[ 0.59457153],roc_auc,6.0
700,dictlearn,svc_l2,yes,no,LedoitWolf,ABIDE,40,77,tangent,,no,no,no,[ 0.60942301],roc_auc,6.0
701,dictlearn,ridge,yes,no,LedoitWolf,ABIDE,40,77,tangent,,no,no,no,[ 0.55266302],roc_auc,6.0
702,dictlearn,svc_l1,yes,no,LedoitWolf,ABIDE,40,78,correlation,,no,no,no,[ 0.61847047],roc_auc,6.0
703,dictlearn,svc_l2,yes,no,LedoitWolf,ABIDE,40,78,correlation,,no,no,no,[ 0.63886992],roc_auc,6.0
704,dictlearn,ridge,yes,no,LedoitWolf,ABIDE,40,78,correlation,,no,no,no,[ 0.61855582],roc_auc,6.0
705,dictlearn,svc_l1,yes,no,LedoitWolf,ABIDE,40,78,partial correlation,,no,no,no,[ 0.60071697],roc_auc,6.0
706,dictlearn,svc_l2,yes,no,LedoitWolf,ABIDE,40,78,partial correlation,,no,no,no,[ 0.59798566],roc_auc,6.0
707,dictlearn,ridge,yes,no,LedoitWolf,ABIDE,40,78,partial correlation,,no,no,no,[ 0.5926084],roc_auc,6.0
708,dictlearn,svc_l1,yes,no,LedoitWolf,ABIDE,40,78,tangent,,no,no,no,[ 0.6242745],roc_auc,6.0
709,dictlearn,svc_l2,yes,no,LedoitWolf,ABIDE,40,78,tangent,,no,no,no,[ 0.63519973],roc_auc,6.0
710,dictlearn,ridge,yes,no,LedoitWolf,ABIDE,40,78,tangent,,no,no,no,[ 0.60097303],roc_auc,6.0
711,dictlearn,svc_l1,yes,no,LedoitWolf,ABIDE,40,79,correlation,,no,no,no,[ 0.63349266],roc_auc,6.0
712,dictlearn,svc_l2,yes,no,LedoitWolf,ABIDE,40,79,correlation,,no,no,no,[ 0.62768863],roc_auc,6.0
713,dictlearn,ridge,yes,no,LedoitWolf,ABIDE,40,79,correlation,,no,no,no,[ 0.56145442],roc_auc,6.0
714,dictlearn,svc_l1,yes,no,LedoitWolf,ABIDE,40,79,partial correlation,,no,no,no,[ 0.56060089],roc_auc,6.0
715,dictlearn,svc_l2,yes,no,LedoitWolf,ABIDE,40,79,partial correlation,,no,no,no,[ 0.54600546],roc_auc,6.0
716,dictlearn,ridge,yes,no,LedoitWolf,ABIDE,40,79,partial correlation,,no,no,no,[ 0.5292762],roc_auc,6.0
717,dictlearn,svc_l1,yes,no,LedoitWolf,ABIDE,40,79,tangent,,no,no,no,[ 0.58987709],roc_auc,6.0
718,dictlearn,svc_l2,yes,no,LedoitWolf,ABIDE,40,79,tangent,,no,no,no,[ 0.58006145],roc_auc,6.0
719,dictlearn,ridge,yes,no,LedoitWolf,ABIDE,40,79,tangent,,no,no,no,[ 0.55684534],roc_auc,6.0
720,dictlearn,svc_l1,yes,no,LedoitWolf,ABIDE,40,80,correlation,,no,no,no,[ 0.60472858],roc_auc,6.0
721,dictlearn,svc_l2,yes,no,LedoitWolf,ABIDE,40,80,correlation,,no,no,no,[ 0.59286446],roc_auc,6.0
722,dictlearn,ridge,yes,no,LedoitWolf,ABIDE,40,80,correlation,,no,no,no,[ 0.57818368],roc_auc,6.0
723,dictlearn,svc_l1,yes,no,LedoitWolf,ABIDE,40,80,partial correlation,,no,no,no,[ 0.5305565],roc_auc,6.0
724,dictlearn,svc_l2,yes,no,LedoitWolf,ABIDE,40,80,partial correlation,,no,no,no,[ 0.52304541],roc_auc,6.0
725,dictlearn,ridge,yes,no,LedoitWolf,ABIDE,40,80,partial correlation,,no,no,no,[ 0.51579037],roc_auc,6.0
726,dictlearn,svc_l1,yes,no,LedoitWolf,ABIDE,40,80,tangent,,no,no,no,[ 0.61241038],roc_auc,6.0
727,dictlearn,svc_l2,yes,no,LedoitWolf,ABIDE,40,80,tangent,,no,no,no,[ 0.57690338],roc_auc,6.0
728,dictlearn,ridge,yes,no,LedoitWolf,ABIDE,40,80,tangent,,no,no,no,[ 0.55872311],roc_auc,6.0
729,dictlearn,svc_l1,yes,no,LedoitWolf,ABIDE,40,81,correlation,,no,no,no,[ 0.571014],roc_auc,6.0
730,dictlearn,svc_l2,yes,no,LedoitWolf,ABIDE,40,81,correlation,,no,no,no,[ 0.56384432],roc_auc,6.0
731,dictlearn,ridge,yes,no,LedoitWolf,ABIDE,40,81,correlation,,no,no,no,[ 0.58142711],roc_auc,6.0
732,dictlearn,svc_l1,yes,no,LedoitWolf,ABIDE,40,81,partial correlation,,no,no,no,[ 0.61821441],roc_auc,6.0
733,dictlearn,svc_l2,yes,no,LedoitWolf,ABIDE,40,81,partial correlation,,no,no,no,[ 0.58825538],roc_auc,6.0
734,dictlearn,ridge,yes,no,LedoitWolf,ABIDE,40,81,partial correlation,,no,no,no,[ 0.57809833],roc_auc,6.0
735,dictlearn,svc_l1,yes,no,LedoitWolf,ABIDE,40,81,tangent,,no,no,no,[ 0.59329123],roc_auc,6.0
736,dictlearn,svc_l2,yes,no,LedoitWolf,ABIDE,40,81,tangent,,no,no,no,[ 0.57809833],roc_auc,6.0
737,dictlearn,ridge,yes,no,LedoitWolf,ABIDE,40,81,tangent,,no,no,no,[ 0.57895186],roc_auc,6.0
738,dictlearn,svc_l1,yes,no,LedoitWolf,ABIDE,40,82,correlation,,no,no,no,[ 0.65184363],roc_auc,6.0
739,dictlearn,svc_l2,yes,no,LedoitWolf,ABIDE,40,82,correlation,,no,no,no,[ 0.6561113],roc_auc,6.0
740,dictlearn,ridge,yes,no,LedoitWolf,ABIDE,40,82,correlation,,no,no,no,[ 0.60891089],roc_auc,6.0
741,dictlearn,svc_l1,yes,no,LedoitWolf,ABIDE,40,82,partial correlation,,no,no,no,[ 0.63383407],roc_auc,6.0
742,dictlearn,svc_l2,yes,no,LedoitWolf,ABIDE,40,82,partial correlation,,no,no,no,[ 0.60566746],roc_auc,6.0
743,dictlearn,ridge,yes,no,LedoitWolf,ABIDE,40,82,partial correlation,,no,no,no,[ 0.61369068],roc_auc,6.0
744,dictlearn,svc_l1,yes,no,LedoitWolf,ABIDE,40,82,tangent,,no,no,no,[ 0.62581086],roc_auc,6.0
745,dictlearn,svc_l2,yes,no,LedoitWolf,ABIDE,40,82,tangent,,no,no,no,[ 0.63921133],roc_auc,6.0
746,dictlearn,ridge,yes,no,LedoitWolf,ABIDE,40,82,tangent,,no,no,no,[ 0.60199727],roc_auc,6.0
747,dictlearn,svc_l1,yes,no,LedoitWolf,ABIDE,40,83,correlation,,no,no,no,[ 0.66140321],roc_auc,6.0
748,dictlearn,svc_l2,yes,no,LedoitWolf,ABIDE,40,83,correlation,,no,no,no,[ 0.64638102],roc_auc,6.0
749,dictlearn,ridge,yes,no,LedoitWolf,ABIDE,40,83,correlation,,no,no,no,[ 0.6142028],roc_auc,6.0
750,dictlearn,svc_l1,yes,no,LedoitWolf,ABIDE,40,83,partial correlation,,no,no,no,[ 0.5722943],roc_auc,6.0
751,dictlearn,svc_l2,yes,no,LedoitWolf,ABIDE,40,83,partial correlation,,no,no,no,[ 0.60882554],roc_auc,6.0
752,dictlearn,ridge,yes,no,LedoitWolf,ABIDE,40,83,partial correlation,,no,no,no,[ 0.59679071],roc_auc,6.0
753,dictlearn,svc_l1,yes,no,LedoitWolf,ABIDE,40,83,tangent,,no,no,no,[ 0.59969273],roc_auc,6.0
754,dictlearn,svc_l2,yes,no,LedoitWolf,ABIDE,40,83,tangent,,no,no,no,[ 0.62794469],roc_auc,6.0
755,dictlearn,ridge,yes,no,LedoitWolf,ABIDE,40,83,tangent,,no,no,no,[ 0.59858313],roc_auc,6.0
756,dictlearn,svc_l1,yes,no,LedoitWolf,ABIDE,40,84,correlation,,no,no,no,[ 0.59252305],roc_auc,6.0
757,dictlearn,svc_l2,yes,no,LedoitWolf,ABIDE,40,84,correlation,,no,no,no,[ 0.59269375],roc_auc,6.0
758,dictlearn,ridge,yes,no,LedoitWolf,ABIDE,40,84,correlation,,no,no,no,[ 0.55223626],roc_auc,6.0
759,dictlearn,svc_l1,yes,no,LedoitWolf,ABIDE,40,84,partial correlation,,no,no,no,[ 0.52833732],roc_auc,6.0
760,dictlearn,svc_l2,yes,no,LedoitWolf,ABIDE,40,84,partial correlation,,no,no,no,[ 0.53397064],roc_auc,6.0
761,dictlearn,ridge,yes,no,LedoitWolf,ABIDE,40,84,partial correlation,,no,no,no,[ 0.51459543],roc_auc,6.0
762,dictlearn,svc_l1,yes,no,LedoitWolf,ABIDE,40,84,tangent,,no,no,no,[ 0.59755889],roc_auc,6.0
763,dictlearn,svc_l2,yes,no,LedoitWolf,ABIDE,40,84,tangent,,no,no,no,[ 0.59235234],roc_auc,6.0
764,dictlearn,ridge,yes,no,LedoitWolf,ABIDE,40,84,tangent,,no,no,no,[ 0.54660294],roc_auc,6.0
765,dictlearn,svc_l1,yes,no,LedoitWolf,ABIDE,40,85,correlation,,no,no,no,[ 0.61975077],roc_auc,6.0
766,dictlearn,svc_l2,yes,no,LedoitWolf,ABIDE,40,85,correlation,,no,no,no,[ 0.6282861],roc_auc,6.0
767,dictlearn,ridge,yes,no,LedoitWolf,ABIDE,40,85,correlation,,no,no,no,[ 0.6154831],roc_auc,6.0
768,dictlearn,svc_l1,yes,no,LedoitWolf,ABIDE,40,85,partial correlation,,no,no,no,[ 0.56384432],roc_auc,6.0
769,dictlearn,svc_l2,yes,no,LedoitWolf,ABIDE,40,85,partial correlation,,no,no,no,[ 0.5609423],roc_auc,6.0
770,dictlearn,ridge,yes,no,LedoitWolf,ABIDE,40,85,partial correlation,,no,no,no,[ 0.57024582],roc_auc,6.0
771,dictlearn,svc_l1,yes,no,LedoitWolf,ABIDE,40,85,tangent,,no,no,no,[ 0.5902185],roc_auc,6.0
772,dictlearn,svc_l2,yes,no,LedoitWolf,ABIDE,40,85,tangent,,no,no,no,[ 0.60498464],roc_auc,6.0
773,dictlearn,ridge,yes,no,LedoitWolf,ABIDE,40,85,tangent,,no,no,no,[ 0.58441448],roc_auc,6.0
774,dictlearn,svc_l1,yes,no,LedoitWolf,ABIDE,40,86,correlation,,no,no,no,[ 0.61497098],roc_auc,6.0
775,dictlearn,svc_l2,yes,no,LedoitWolf,ABIDE,40,86,correlation,,no,no,no,[ 0.59994879],roc_auc,6.0
776,dictlearn,ridge,yes,no,LedoitWolf,ABIDE,40,86,correlation,,no,no,no,[ 0.56759986],roc_auc,6.0
777,dictlearn,svc_l1,yes,no,LedoitWolf,ABIDE,40,86,partial correlation,,no,no,no,[ 0.61266644],roc_auc,6.0
778,dictlearn,svc_l2,yes,no,LedoitWolf,ABIDE,40,86,partial correlation,,no,no,no,[ 0.61889723],roc_auc,6.0
779,dictlearn,ridge,yes,no,LedoitWolf,ABIDE,40,86,partial correlation,,no,no,no,[ 0.58467054],roc_auc,6.0
780,dictlearn,svc_l1,yes,no,LedoitWolf,ABIDE,40,86,tangent,,no,no,no,[ 0.59858313],roc_auc,6.0
781,dictlearn,svc_l2,yes,no,LedoitWolf,ABIDE,40,86,tangent,,no,no,no,[ 0.61403209],roc_auc,6.0
782,dictlearn,ridge,yes,no,LedoitWolf,ABIDE,40,86,tangent,,no,no,no,[ 0.5849266],roc_auc,6.0
783,dictlearn,svc_l1,yes,no,LedoitWolf,ABIDE,40,87,correlation,,no,no,no,[ 0.64928303],roc_auc,6.0
784,dictlearn,svc_l2,yes,no,LedoitWolf,ABIDE,40,87,correlation,,no,no,no,[ 0.68094913],roc_auc,6.0
785,dictlearn,ridge,yes,no,LedoitWolf,ABIDE,40,87,correlation,,no,no,no,[ 0.67045067],roc_auc,6.0
786,dictlearn,svc_l1,yes,no,LedoitWolf,ABIDE,40,87,partial correlation,,no,no,no,[ 0.6206043],roc_auc,6.0
787,dictlearn,svc_l2,yes,no,LedoitWolf,ABIDE,40,87,partial correlation,,no,no,no,[ 0.61915329],roc_auc,6.0
788,dictlearn,ridge,yes,no,LedoitWolf,ABIDE,40,87,partial correlation,,no,no,no,[ 0.60959372],roc_auc,6.0
789,dictlearn,svc_l1,yes,no,LedoitWolf,ABIDE,40,87,tangent,,no,no,no,[ 0.64185729],roc_auc,6.0
790,dictlearn,svc_l2,yes,no,LedoitWolf,ABIDE,40,87,tangent,,no,no,no,[ 0.6637931],roc_auc,6.0
791,dictlearn,ridge,yes,no,LedoitWolf,ABIDE,40,87,tangent,,no,no,no,[ 0.65414817],roc_auc,6.0
792,dictlearn,svc_l1,yes,no,LedoitWolf,ABIDE,40,88,correlation,,no,no,no,[ 0.60310686],roc_auc,6.0
793,dictlearn,svc_l2,yes,no,LedoitWolf,ABIDE,40,88,correlation,,no,no,no,[ 0.59551041],roc_auc,6.0
794,dictlearn,ridge,yes,no,LedoitWolf,ABIDE,40,88,correlation,,no,no,no,[ 0.58791396],roc_auc,6.0
795,dictlearn,svc_l1,yes,no,LedoitWolf,ABIDE,40,88,partial correlation,,no,no,no,[ 0.55274838],roc_auc,6.0
796,dictlearn,svc_l2,yes,no,LedoitWolf,ABIDE,40,88,partial correlation,,no,no,no,[ 0.57733015],roc_auc,6.0
797,dictlearn,ridge,yes,no,LedoitWolf,ABIDE,40,88,partial correlation,,no,no,no,[ 0.56700239],roc_auc,6.0
798,dictlearn,svc_l1,yes,no,LedoitWolf,ABIDE,40,88,tangent,,no,no,no,[ 0.59883919],roc_auc,6.0
799,dictlearn,svc_l2,yes,no,LedoitWolf,ABIDE,40,88,tangent,,no,no,no,[ 0.57861045],roc_auc,6.0
800,dictlearn,ridge,yes,no,LedoitWolf,ABIDE,40,88,tangent,,no,no,no,[ 0.55377262],roc_auc,6.0
801,dictlearn,svc_l1,yes,no,LedoitWolf,ABIDE,40,89,correlation,,no,no,no,[ 0.58560942],roc_auc,6.0
802,dictlearn,svc_l2,yes,no,LedoitWolf,ABIDE,40,89,correlation,,no,no,no,[ 0.57314783],roc_auc,6.0
803,dictlearn,ridge,yes,no,LedoitWolf,ABIDE,40,89,correlation,,no,no,no,[ 0.52372823],roc_auc,6.0
804,dictlearn,svc_l1,yes,no,LedoitWolf,ABIDE,40,89,partial correlation,,no,no,no,[ 0.54805394],roc_auc,6.0
805,dictlearn,svc_l2,yes,no,LedoitWolf,ABIDE,40,89,partial correlation,,no,no,no,[ 0.51766815],roc_auc,6.0
806,dictlearn,ridge,yes,no,LedoitWolf,ABIDE,40,89,partial correlation,,no,no,no,[ 0.50034141],roc_auc,6.0
807,dictlearn,svc_l1,yes,no,LedoitWolf,ABIDE,40,89,tangent,,no,no,no,[ 0.52074087],roc_auc,6.0
808,dictlearn,svc_l2,yes,no,LedoitWolf,ABIDE,40,89,tangent,,no,no,no,[ 0.54865142],roc_auc,6.0
809,dictlearn,ridge,yes,no,LedoitWolf,ABIDE,40,89,tangent,,no,no,no,[ 0.49948788],roc_auc,6.0
810,dictlearn,svc_l1,yes,no,LedoitWolf,ABIDE,40,90,correlation,,no,no,no,[ 0.59858313],roc_auc,6.0
811,dictlearn,svc_l2,yes,no,LedoitWolf,ABIDE,40,90,correlation,,no,no,no,[ 0.59866849],roc_auc,6.0
812,dictlearn,ridge,yes,no,LedoitWolf,ABIDE,40,90,correlation,,no,no,no,[ 0.57681803],roc_auc,6.0
813,dictlearn,svc_l1,yes,no,LedoitWolf,ABIDE,40,90,partial correlation,,no,no,no,[ 0.56008877],roc_auc,6.0
814,dictlearn,svc_l2,yes,no,LedoitWolf,ABIDE,40,90,partial correlation,,no,no,no,[ 0.56307614],roc_auc,6.0
815,dictlearn,ridge,yes,no,LedoitWolf,ABIDE,40,90,partial correlation,,no,no,no,[ 0.5673438],roc_auc,6.0
816,dictlearn,svc_l1,yes,no,LedoitWolf,ABIDE,40,90,tangent,,no,no,no,[ 0.57545237],roc_auc,6.0
817,dictlearn,svc_l2,yes,no,LedoitWolf,ABIDE,40,90,tangent,,no,no,no,[ 0.56367361],roc_auc,6.0
818,dictlearn,ridge,yes,no,LedoitWolf,ABIDE,40,90,tangent,,no,no,no,[ 0.5316661],roc_auc,6.0
819,dictlearn,svc_l1,yes,no,LedoitWolf,ABIDE,40,91,correlation,,no,no,no,[ 0.67062137],roc_auc,6.0
820,dictlearn,svc_l2,yes,no,LedoitWolf,ABIDE,40,91,correlation,,no,no,no,[ 0.68948447],roc_auc,6.0
821,dictlearn,ridge,yes,no,LedoitWolf,ABIDE,40,91,correlation,,no,no,no,[ 0.65508706],roc_auc,6.0
822,dictlearn,svc_l1,yes,no,LedoitWolf,ABIDE,40,91,partial correlation,,no,no,no,[ 0.56674633],roc_auc,6.0
823,dictlearn,svc_l2,yes,no,LedoitWolf,ABIDE,40,91,partial correlation,,no,no,no,[ 0.61522704],roc_auc,6.0
824,dictlearn,ridge,yes,no,LedoitWolf,ABIDE,40,91,partial correlation,,no,no,no,[ 0.60387504],roc_auc,6.0
825,dictlearn,svc_l1,yes,no,LedoitWolf,ABIDE,40,91,tangent,,no,no,no,[ 0.64680778],roc_auc,6.0
826,dictlearn,svc_l2,yes,no,LedoitWolf,ABIDE,40,91,tangent,,no,no,no,[ 0.64834414],roc_auc,6.0
827,dictlearn,ridge,yes,no,LedoitWolf,ABIDE,40,91,tangent,,no,no,no,[ 0.619324],roc_auc,6.0
828,dictlearn,svc_l1,yes,no,LedoitWolf,ABIDE,40,92,correlation,,no,no,no,[ 0.58373165],roc_auc,6.0
829,dictlearn,svc_l2,yes,no,LedoitWolf,ABIDE,40,92,correlation,,no,no,no,[ 0.56077159],roc_auc,6.0
830,dictlearn,ridge,yes,no,LedoitWolf,ABIDE,40,92,correlation,,no,no,no,[ 0.54668829],roc_auc,6.0
831,dictlearn,svc_l1,yes,no,LedoitWolf,ABIDE,40,92,partial correlation,,no,no,no,[ 0.55018778],roc_auc,6.0
832,dictlearn,svc_l2,yes,no,LedoitWolf,ABIDE,40,92,partial correlation,,no,no,no,[ 0.54301809],roc_auc,6.0
833,dictlearn,ridge,yes,no,LedoitWolf,ABIDE,40,92,partial correlation,,no,no,no,[ 0.54276203],roc_auc,6.0
834,dictlearn,svc_l1,yes,no,LedoitWolf,ABIDE,40,92,tangent,,no,no,no,[ 0.57963469],roc_auc,6.0
835,dictlearn,svc_l2,yes,no,LedoitWolf,ABIDE,40,92,tangent,,no,no,no,[ 0.55513827],roc_auc,6.0
836,dictlearn,ridge,yes,no,LedoitWolf,ABIDE,40,92,tangent,,no,no,no,[ 0.54003073],roc_auc,6.0
837,dictlearn,svc_l1,yes,no,LedoitWolf,ABIDE,40,93,correlation,,no,no,no,[ 0.66882895],roc_auc,6.0
838,dictlearn,svc_l2,yes,no,LedoitWolf,ABIDE,40,93,correlation,,no,no,no,[ 0.70493342],roc_auc,6.0
839,dictlearn,ridge,yes,no,LedoitWolf,ABIDE,40,93,correlation,,no,no,no,[ 0.65687948],roc_auc,6.0
840,dictlearn,svc_l1,yes,no,LedoitWolf,ABIDE,40,93,partial correlation,,no,no,no,[ 0.63306589],roc_auc,6.0
841,dictlearn,svc_l2,yes,no,LedoitWolf,ABIDE,40,93,partial correlation,,no,no,no,[ 0.63690679],roc_auc,6.0
842,dictlearn,ridge,yes,no,LedoitWolf,ABIDE,40,93,partial correlation,,no,no,no,[ 0.62478662],roc_auc,6.0
843,dictlearn,svc_l1,yes,no,LedoitWolf,ABIDE,40,93,tangent,,no,no,no,[ 0.65116081],roc_auc,6.0
844,dictlearn,svc_l2,yes,no,LedoitWolf,ABIDE,40,93,tangent,,no,no,no,[ 0.68274155],roc_auc,6.0
845,dictlearn,ridge,yes,no,LedoitWolf,ABIDE,40,93,tangent,,no,no,no,[ 0.64322294],roc_auc,6.0
846,dictlearn,svc_l1,yes,no,LedoitWolf,ABIDE,40,94,correlation,,no,no,no,[ 0.65858655],roc_auc,6.0
847,dictlearn,svc_l2,yes,no,LedoitWolf,ABIDE,40,94,correlation,,no,no,no,[ 0.65295323],roc_auc,6.0
848,dictlearn,ridge,yes,no,LedoitWolf,ABIDE,40,94,correlation,,no,no,no,[ 0.64467395],roc_auc,6.0
849,dictlearn,svc_l1,yes,no,LedoitWolf,ABIDE,40,94,partial correlation,,no,no,no,[ 0.61266644],roc_auc,6.0
850,dictlearn,svc_l2,yes,no,LedoitWolf,ABIDE,40,94,partial correlation,,no,no,no,[ 0.60293616],roc_auc,6.0
851,dictlearn,ridge,yes,no,LedoitWolf,ABIDE,40,94,partial correlation,,no,no,no,[ 0.59926596],roc_auc,6.0
852,dictlearn,svc_l1,yes,no,LedoitWolf,ABIDE,40,94,tangent,,no,no,no,[ 0.66780471],roc_auc,6.0
853,dictlearn,svc_l2,yes,no,LedoitWolf,ABIDE,40,94,tangent,,no,no,no,[ 0.64424718],roc_auc,6.0
854,dictlearn,ridge,yes,no,LedoitWolf,ABIDE,40,94,tangent,,no,no,no,[ 0.62350632],roc_auc,6.0
855,dictlearn,svc_l1,yes,no,LedoitWolf,ABIDE,40,95,correlation,,no,no,no,[ 0.60105838],roc_auc,6.0
856,dictlearn,svc_l2,yes,no,LedoitWolf,ABIDE,40,95,correlation,,no,no,no,[ 0.64800273],roc_auc,6.0
857,dictlearn,ridge,yes,no,LedoitWolf,ABIDE,40,95,correlation,,no,no,no,[ 0.62521338],roc_auc,6.0
858,dictlearn,svc_l1,yes,no,LedoitWolf,ABIDE,40,95,partial correlation,,no,no,no,[ 0.56674633],roc_auc,6.0
859,dictlearn,svc_l2,yes,no,LedoitWolf,ABIDE,40,95,partial correlation,,no,no,no,[ 0.56819734],roc_auc,6.0
860,dictlearn,ridge,yes,no,LedoitWolf,ABIDE,40,95,partial correlation,,no,no,no,[ 0.56905087],roc_auc,6.0
861,dictlearn,svc_l1,yes,no,LedoitWolf,ABIDE,40,95,tangent,,no,no,no,[ 0.60208262],roc_auc,6.0
862,dictlearn,svc_l2,yes,no,LedoitWolf,ABIDE,40,95,tangent,,no,no,no,[ 0.60575282],roc_auc,6.0
863,dictlearn,ridge,yes,no,LedoitWolf,ABIDE,40,95,tangent,,no,no,no,[ 0.58629225],roc_auc,6.0
864,dictlearn,svc_l1,yes,no,LedoitWolf,ABIDE,40,96,correlation,,no,no,no,[ 0.65423353],roc_auc,6.0
865,dictlearn,svc_l2,yes,no,LedoitWolf,ABIDE,40,96,correlation,,no,no,no,[ 0.62461591],roc_auc,6.0
866,dictlearn,ridge,yes,no,LedoitWolf,ABIDE,40,96,correlation,,no,no,no,[ 0.63152953],roc_auc,6.0
867,dictlearn,svc_l1,yes,no,LedoitWolf,ABIDE,40,96,partial correlation,,no,no,no,[ 0.58398771],roc_auc,6.0
868,dictlearn,svc_l2,yes,no,LedoitWolf,ABIDE,40,96,partial correlation,,no,no,no,[ 0.5850973],roc_auc,6.0
869,dictlearn,ridge,yes,no,LedoitWolf,ABIDE,40,96,partial correlation,,no,no,no,[ 0.57852509],roc_auc,6.0
870,dictlearn,svc_l1,yes,no,LedoitWolf,ABIDE,40,96,tangent,,no,no,no,[ 0.62265278],roc_auc,6.0
871,dictlearn,svc_l2,yes,no,LedoitWolf,ABIDE,40,96,tangent,,no,no,no,[ 0.63101741],roc_auc,6.0
872,dictlearn,ridge,yes,no,LedoitWolf,ABIDE,40,96,tangent,,no,no,no,[ 0.6460396],roc_auc,6.0
873,dictlearn,svc_l1,yes,no,LedoitWolf,ABIDE,40,97,correlation,,no,no,no,[ 0.64561284],roc_auc,6.0
874,dictlearn,svc_l2,yes,no,LedoitWolf,ABIDE,40,97,correlation,,no,no,no,[ 0.62845681],roc_auc,6.0
875,dictlearn,ridge,yes,no,LedoitWolf,ABIDE,40,97,correlation,,no,no,no,[ 0.59397405],roc_auc,6.0
876,dictlearn,svc_l1,yes,no,LedoitWolf,ABIDE,40,97,partial correlation,,no,no,no,[ 0.59619324],roc_auc,6.0
877,dictlearn,svc_l2,yes,no,LedoitWolf,ABIDE,40,97,partial correlation,,no,no,no,[ 0.6282861],roc_auc,6.0
878,dictlearn,ridge,yes,no,LedoitWolf,ABIDE,40,97,partial correlation,,no,no,no,[ 0.61915329],roc_auc,6.0
879,dictlearn,svc_l1,yes,no,LedoitWolf,ABIDE,40,97,tangent,,no,no,no,[ 0.64979515],roc_auc,6.0
880,dictlearn,svc_l2,yes,no,LedoitWolf,ABIDE,40,97,tangent,,no,no,no,[ 0.64740526],roc_auc,6.0
881,dictlearn,ridge,yes,no,LedoitWolf,ABIDE,40,97,tangent,,no,no,no,[ 0.61343462],roc_auc,6.0
882,dictlearn,svc_l1,yes,no,LedoitWolf,ABIDE,40,98,correlation,,no,no,no,[ 0.65841584],roc_auc,6.0
883,dictlearn,svc_l2,yes,no,LedoitWolf,ABIDE,40,98,correlation,,no,no,no,[ 0.66771936],roc_auc,6.0
884,dictlearn,ridge,yes,no,LedoitWolf,ABIDE,40,98,correlation,,no,no,no,[ 0.65269717],roc_auc,6.0
885,dictlearn,svc_l1,yes,no,LedoitWolf,ABIDE,40,98,partial correlation,,no,no,no,[ 0.60199727],roc_auc,6.0
886,dictlearn,svc_l2,yes,no,LedoitWolf,ABIDE,40,98,partial correlation,,no,no,no,[ 0.59892455],roc_auc,6.0
887,dictlearn,ridge,yes,no,LedoitWolf,ABIDE,40,98,partial correlation,,no,no,no,[ 0.59866849],roc_auc,6.0
888,dictlearn,svc_l1,yes,no,LedoitWolf,ABIDE,40,98,tangent,,no,no,no,[ 0.6293957],roc_auc,6.0
889,dictlearn,svc_l2,yes,no,LedoitWolf,ABIDE,40,98,tangent,,no,no,no,[ 0.62913964],roc_auc,6.0
890,dictlearn,ridge,yes,no,LedoitWolf,ABIDE,40,98,tangent,,no,no,no,[ 0.60822806],roc_auc,6.0
891,dictlearn,svc_l1,yes,no,LedoitWolf,ABIDE,40,99,correlation,,no,no,no,[ 0.61565381],roc_auc,6.0
892,dictlearn,svc_l2,yes,no,LedoitWolf,ABIDE,40,99,correlation,,no,no,no,[ 0.58108569],roc_auc,6.0
893,dictlearn,ridge,yes,no,LedoitWolf,ABIDE,40,99,correlation,,no,no,no,[ 0.53960396],roc_auc,6.0
894,dictlearn,svc_l1,yes,no,LedoitWolf,ABIDE,40,99,partial correlation,,no,no,no,[ 0.58919426],roc_auc,6.0
895,dictlearn,svc_l2,yes,no,LedoitWolf,ABIDE,40,99,partial correlation,,no,no,no,[ 0.57041652],roc_auc,6.0
896,dictlearn,ridge,yes,no,LedoitWolf,ABIDE,40,99,partial correlation,,no,no,no,[ 0.56742916],roc_auc,6.0
897,dictlearn,svc_l1,yes,no,LedoitWolf,ABIDE,40,99,tangent,,no,no,no,[ 0.59405941],roc_auc,6.0
898,dictlearn,svc_l2,yes,no,LedoitWolf,ABIDE,40,99,tangent,,no,no,no,[ 0.58057357],roc_auc,6.0
899,dictlearn,ridge,yes,no,LedoitWolf,ABIDE,40,99,tangent,,no,no,no,[ 0.54873677],roc_auc,6.0
